time,F_gravity,F_s,F_fric,F_gfl,F_gfr,F_grl,F_grr
1.842,-588.5999755859375,7999.921875,-1.0511225809750613e-05,146.85328674316406,147.4248504638672,146.8761444091797,147.44570922851562
1.942,-588.5999755859375,7999.921875,-1.7048316749423975e-06,146.78863525390625,147.46334838867188,146.83804321289062,147.50997924804688
2.042,-588.5999755859375,7999.92333984375,-1.7720037703838898e-06,146.99200439453125,147.3632354736328,146.9371795654297,147.3075714111328
2.142,-588.5999755859375,7999.94970703125,-1.850076387199806e-06,146.94419860839844,147.41470336914062,146.88597106933594,147.35513305664062
2.242,-588.5999755859375,8000.015625,-1.9297474409540882e-06,146.8660430908203,147.41983032226562,146.881103515625,147.4330291748047
2.342,-588.5999755859375,8000.12744140625,-2.0159473024250474e-06,147.10797119140625,147.24855041503906,147.051513671875,147.1919708251953
2.442,-588.5999755859375,8000.29150390625,-1.974672386495513e-06,147.01783752441406,147.35116577148438,146.9491729736328,147.28182983398438
2.5419999989999997,-588.5999755859375,8000.51513671875,-0.036455947905778885,146.85781860351562,147.38253784179688,146.9182891845703,147.44134521484375
2.6419999990000003,-588.5999755859375,7997.21826171875,-1.2157299518585205,134.22344970703125,133.24046325683594,161.06251525878906,160.07357788085938
2.742,-588.5999755859375,8000.37646484375,-1.2167365550994873,152.45468139648438,153.21273803710938,141.08900451660156,141.84356689453125
2.842,-588.5999755859375,8000.44921875,-1.2173686027526855,154.49081420898438,154.78347778320312,139.51678466796875,139.80892944335938
2.942,-588.5999755859375,7999.60986328125,-1.217442274093628,137.42491149902344,135.97825622558594,158.32818603515625,156.86865234375
3.041999999,-588.5999755859375,8002.23291015625,-1.2175798416137695,147.15811157226562,148.04530334472656,146.257080078125,147.13951110839844
3.142,-588.5999755859375,8001.4296875,-1.217670202255249,155.83106994628906,154.86874389648438,139.43409729003906,138.46609497070312
3.242,-588.5999755859375,8002.51953125,-1.2171939611434937,141.9609375,139.48745727539062,154.8314971923828,152.3201141357422
3.342,-588.5999755859375,8004.3330078125,-1.2165380716323853,144.110107421875,144.91807556152344,149.3839111328125,150.1879119873047
3.442,-588.5999755859375,8004.66845703125,-1.2159981727600098,154.3736572265625,154.89529418945312,139.40553283691406,139.92550659179688
3.542,-588.5999755859375,8007.09716796875,-1.215185284614563,145.19873046875,143.3894805908203,150.92062377929688,149.09117126464844
3.642,-588.5999755859375,8009.10791015625,-1.214194416999817,143.3185272216797,143.11671447753906,151.18341064453125,150.98135375976562
3.742,-588.5999755859375,8011.37744140625,-1.2401524782180786,141.53652954101562,142.33876037597656,151.96319580078125,152.7615203857422
3.842,-588.5999755859375,8014.447265625,-1.4088006019592285,145.57974243164062,144.17245483398438,150.13363647460938,148.71417236328125
3.942,-588.5999755859375,8017.091796875,-1.617177963256836,128.3984832763672,128.15663146972656,166.1435546875,165.90133666992188
4.042,-588.5999755859375,8020.78955078125,-1.868703842163086,148.34307861328125,149.87733459472656,144.42977905273438,145.94981384277344
4.142,-588.5999755859375,8024.09765625,-1.953345775604248,148.35462951660156,148.61114501953125,145.68905639648438,145.94517517089844
4.242,-588.5999755859375,8027.2685546875,-1.9551639556884766,144.4416046142578,144.99700927734375,149.30393981933594,149.85745239257812
4.342,-588.5999755859375,8030.78466796875,-1.9574368000030518,147.26040649414062,148.3435821533203,145.95997619628906,147.03602600097656
4.442,-588.5999755859375,8034.44287109375,-1.9125525951385498,156.63551330566406,151.13900756835938,143.25637817382812,137.569091796875
4.542,-588.5999755859375,8038.12744140625,-1.8349639177322388,141.6322479248047,148.36581420898438,146.0670928955078,152.53485107421875
4.642,-588.5999755859375,8041.88720703125,-1.746056318283081,146.50640869140625,148.5271453857422,145.78515625,147.78128051757812
4.742,-588.5999755859375,8045.60693359375,-1.6545194387435913,154.0576629638672,143.92874145507812,150.7052001953125,139.9084014892578
4.842,-588.5999755859375,8049.66845703125,-1.5629621744155884,146.6549835205078,147.568359375,146.7341766357422,147.64247131347656
4.942,-588.5999755859375,8053.6728515625,-1.4734441041946411,146.2943878173828,150.98788452148438,143.37745666503906,147.94027709960938
5.042,-588.5999755859375,8057.650390625,-1.382469892501831,148.9757080078125,147.75767517089844,146.546875,145.31973266601562
5.142,-588.5999755859375,8061.97265625,-1.295224905014038,143.10305786132812,150.20761108398438,144.24002075195312,151.04931640625
5.242,-588.5999755859375,8066.3466796875,-1.2117233276367188,144.11557006835938,148.33648681640625,146.01651000976562,150.13143920898438
5.342,-588.5999755859375,8070.8076171875,-1.1278032064437866,147.76394653320312,143.61598205566406,150.73788452148438,146.48219299316406
5.442,-588.5999755859375,8075.23046875,-1.0443956851959229,145.65028381347656,150.0459442138672,144.31146240234375,148.59230041503906
5.542,-588.5999755859375,8079.390625,-0.9609883427619934,142.52528381347656,149.05882263183594,145.366455078125,151.6494598388672
5.642,-588.5999755859375,8083.201171875,-0.8774983286857605,150.98255920410156,146.47862243652344,147.88502502441406,143.25379943847656
5.742,-588.5999755859375,8086.57470703125,-0.7951104640960693,143.9532928466797,151.71009826660156,142.76522827148438,150.17137145996094
5.842,-588.5999755859375,8089.46484375,-0.7159746885299683,143.01255798339844,149.23199462890625,145.1817169189453,151.17372131347656
5.942,-588.5999755859375,8091.96826171875,-0.6389300227165222,147.6503448486328,147.20428466796875,147.09632873535156,146.6490478515625
6.042,-588.5999755859375,8094.11376953125,-0.5652607083320618,146.2342987060547,147.8119354248047,146.49559020996094,148.0581817626953
6.142,-588.5999755859375,8095.99169921875,-0.4935224950313568,143.76417541503906,147.22988891601562,147.1060028076172,150.49993896484375
6.242,-588.5999755859375,8098.0693359375,-0.4222547113895416,144.94320678710938,147.13291931152344,147.1815185546875,149.3423614501953
6.342,-588.5999755859375,8100.2451171875,-0.35127946734428406,147.77330017089844,150.00927734375,144.30577087402344,146.51165771484375
6.442,-588.5999755859375,8102.544921875,-0.2784236669540405,146.29345703125,148.05136108398438,146.25796508789062,147.99720764160156
6.541999999,-588.5999755859375,8104.96337890625,-0.20329925417900085,145.67816162109375,147.1717529296875,147.13499450683594,148.61509704589844
6.641999999,-588.5999755859375,8107.24462890625,-0.12739580869674683,146.5324249267578,148.5740509033203,145.73851013183594,147.7550048828125
6.741999999,-588.5999755859375,8109.404296875,-0.049929700791835785,144.37001037597656,149.55043029785156,144.8289337158203,149.85061645507812
6.841999999,-588.5999755859375,8111.43359375,0.02707122452557087,145.5657958984375,148.72378540039062,145.60606384277344,148.70436096191406
6.941999999,-588.5999755859375,8113.41064453125,0.10288802534341812,148.0500946044922,147.96873474121094,146.33128356933594,146.24989318847656
7.041999999,-588.5999755859375,8115.4384765625,0.17770801484584808,145.55543518066406,147.19647216796875,147.11166381835938,148.73643493652344
7.141999999,-588.5999755859375,8117.6162109375,0.25060752034187317,147.00962829589844,148.0211181640625,146.28199768066406,147.28726196289062
7.241999999,-588.5999755859375,8119.9814453125,0.3234766125679016,147.30014038085938,148.0614013671875,146.2403564453125,146.9980926513672
7.341999999,-588.5999755859375,8122.44873046875,0.39669373631477356,146.34043884277344,148.91590881347656,145.40402221679688,147.9396514892578
7.441999999,-588.5999755859375,8124.869140625,0.47117146849632263,145.8194580078125,146.77947998046875,147.5233154296875,148.4777374267578
7.541999999,-588.5999755859375,8127.115234375,0.5446609258651733,146.96206665039062,151.25643920898438,143.098388671875,147.28311157226562
7.641999999,-588.5999755859375,8129.13134765625,0.6195816993713379,141.03990173339844,151.3233642578125,143.2804412841797,152.956298828125
7.741999999,-588.5999755859375,8130.8837890625,0.6960795521736145,147.0050506591797,147.84205627441406,146.46006774902344,147.29283142089844
7.841999999,-588.5999755859375,8132.2939453125,0.7743787169456482,146.4754638671875,147.2700958251953,147.03182983398438,147.82261657714844
7.941999999,-588.5999755859375,8133.36865234375,0.8514602780342102,146.5635223388672,147.9365692138672,146.36912536621094,147.73077392578125
8.041999999,-588.5999755859375,8134.13916015625,0.9279165267944336,146.30838012695312,148.4071502685547,145.90611267089844,147.97836303710938
8.141999999,-588.5999755859375,8134.73095703125,1.004580020904541,146.08082580566406,148.6716766357422,145.6484832763672,148.1990203857422
8.241999999,-588.5999755859375,8135.10205078125,1.0824205875396729,144.80282592773438,147.86300659179688,146.4650421142578,149.46913146972656
8.341999999,-588.5999755859375,8135.24609375,1.162324070930481,147.22796630859375,148.69264221191406,145.6138458251953,147.06553649902344
8.441999999,-588.5999755859375,8135.00244140625,1.1614845991134644,146.13619995117188,148.95965576171875,145.3642578125,148.139892578125
8.541999999,-588.5999755859375,8134.43359375,1.1617820262908936,147.82362365722656,146.32960510253906,147.97726440429688,146.46951293945312
8.641999999,-588.5999755859375,8133.546875,1.1632581949234009,147.74533081054688,146.0792999267578,148.22926330566406,146.54611206054688
8.741999999,-588.5999755859375,8132.47998046875,1.1655198335647583,147.3289337158203,147.6103515625,146.68988037109375,146.9708251953125
8.841999999,-588.5999755859375,8131.09423828125,1.16815185546875,147.7151336669922,146.7429656982422,147.5599365234375,146.58197021484375
8.941999999,-588.5999755859375,8129.64306640625,1.170385479927063,147.2801513671875,146.4493408203125,147.85276794433594,147.01773071289062
9.041999999,-588.5999755859375,8127.98876953125,1.1717326641082764,147.07339477539062,147.51292419433594,146.78765869140625,147.22601318359375
9.141999999,-588.5999755859375,8126.0517578125,1.171889066696167,147.24691772460938,147.2003631591797,147.0996551513672,147.05307006835938
9.241999999,-588.5999755859375,8123.84765625,1.1708718538284302,146.9757537841797,146.8350830078125,147.46498107910156,147.32418823242188
9.341999999,-588.5999755859375,8121.349609375,1.1688456535339355,146.88516235351562,147.56207275390625,146.73931884765625,147.41343688964844
9.441999999,-588.5999755859375,8118.6533203125,1.166374683380127,146.69297790527344,147.62368774414062,146.67893981933594,147.60438537597656
9.541999999,-588.5999755859375,8115.75146484375,1.1640251874923706,146.5275115966797,147.02737426757812,147.27337646484375,147.771728515625
9.641999999,-588.5999755859375,8112.7197265625,1.1621832847595215,147.09634399414062,147.03778076171875,147.26222229003906,147.20364379882812
9.741999999,-588.5999755859375,8109.45703125,1.1614720821380615,147.14707946777344,147.3374481201172,146.96266174316406,147.15281677246094
9.841999999,-588.5999755859375,8105.9248046875,1.1619703769683838,147.46405029296875,146.6512908935547,147.65072631835938,146.83392333984375
9.941999999,-588.5999755859375,8102.162109375,1.1634716987609863,148.0238494873047,146.45285034179688,147.85475158691406,146.2685546875
10.041999999,-588.5999755859375,8098.25439453125,1.1659566164016724,147.4639434814453,146.84588623046875,147.4552764892578,146.8348846435547
10.141999999,-588.5999755859375,8094.294921875,1.1684452295303345,147.7520294189453,146.97874450683594,147.32308959960938,146.546142578125
10.241999999,-588.5999755859375,8090.3212890625,1.1704872846603394,147.73146057128906,146.86534118652344,147.4369659423828,146.5662384033203
10.341999999,-588.5999755859375,8086.29150390625,1.1716688871383667,146.94068908691406,147.39651489257812,146.9041290283203,147.35867309570312
10.441999999,-588.5999755859375,8082.10498046875,1.1094156503677368,148.220458984375,143.62689208984375,150.73934936523438,146.0133056640625
10.541999999,-588.5999755859375,8077.75,1.0255542993545532,147.3987579345703,147.0062713623047,147.29420471191406,146.90077209472656
10.641999999,-588.5999755859375,8073.1171875,0.9416934847831726,146.5448760986328,149.37017822265625,144.95375061035156,147.73118591308594
10.741999999,-588.5999755859375,8068.3896484375,0.8585805892944336,147.44717407226562,146.34490966796875,147.9588165283203,146.84909057617188
10.841999999,-588.5999755859375,8063.5703125,0.7788186073303223,147.8585968017578,144.51107788085938,149.82382202148438,146.406494140625
10.941999999,-588.5999755859375,8058.62451171875,0.7000173926353455,147.63174438476562,148.00169372558594,146.29872131347656,146.66783142089844
11.041999999,-588.5999755859375,8053.73486328125,0.6247745156288147,148.4890899658203,144.2996826171875,150.05526733398438,145.75595092773438
11.141999999,-588.5999755859375,8048.8837890625,0.552125871181488,147.6000518798828,144.00634765625,150.33392333984375,146.65966796875
11.241999999,-588.5999755859375,8044.22021484375,0.47999677062034607,148.26844787597656,148.16053771972656,146.13949584960938,146.03152465820312
11.341999999,-588.5999755859375,8039.6083984375,0.4079565703868866,151.02528381347656,145.08990478515625,149.32162475585938,143.16319274902344
11.441999999,-588.5999755859375,8035.0380859375,0.3330276906490326,147.66224670410156,145.14280700683594,149.17686462402344,146.6180877685547
11.541999999,-588.5999755859375,8030.515625,0.25829780101776123,146.83499145507812,147.46607971191406,146.8351287841797,147.4637908935547
11.641999999,-588.5999755859375,8026.02392578125,0.18196627497673035,148.27047729492188,146.80340576171875,147.5032196044922,146.0229034423828
11.741999999,-588.5999755859375,8021.5869140625,0.10702446103096008,146.75682067871094,147.441162109375,146.86026000976562,147.541748046875
11.841999999,-588.5999755859375,8017.2705078125,0.03237815573811531,146.36001586914062,147.5438995361328,146.76034545898438,147.93572998046875
11.941999999,-588.5999755859375,8013.09326171875,-0.040633440017700195,148.27587890625,144.7447967529297,149.5940704345703,145.98524475097656
12.041999999,-588.5999755859375,8009.25927734375,-0.11305790394544601,148.3889617919922,146.43739318847656,147.87435913085938,145.89927673339844
12.141999999,-588.5999755859375,8005.83935546875,-0.1855333000421524,148.38412475585938,147.3934783935547,146.9095458984375,145.91287231445312
12.241999999,-588.5999755859375,8002.72119140625,-0.2583763599395752,149.07177734375,145.85020446777344,148.4821014404297,145.1959228515625
12.341999999,-588.5999755859375,7999.91162109375,-0.3329702615737915,146.3624725341797,145.62506103515625,148.67660522460938,147.93585205078125
12.441999999,-588.5999755859375,7997.28125,-0.409097284078598,147.5453338623047,147.66929626464844,146.63075256347656,146.75462341308594
12.541999999,-588.5999755859375,7994.87060546875,-0.48619723320007324,146.93115234375,146.27198791503906,148.0293426513672,147.36752319335938
12.641999999,-588.5999755859375,7992.6875,-0.5637073516845703,148.5861358642578,146.0254364013672,148.29489135742188,145.69354248046875
12.741999999,-588.5999755859375,7990.8271484375,-0.6404119729995728,146.24722290039062,145.57858276367188,148.72279357910156,148.05140686035156
12.841999999,-588.5999755859375,7989.42138671875,-0.7187403440475464,148.3216552734375,147.42330932617188,146.87916564941406,145.9758758544922
12.941999999,-588.5999755859375,7988.583984375,-0.7958568930625916,147.47105407714844,146.17916870117188,148.12596130371094,146.82382202148438
13.041999999,-588.5999755859375,7988.45849609375,-0.8742226958274841,147.06051635742188,146.4879913330078,147.81301879882812,147.2384796142578
13.141999999,-588.5999755859375,7989.02197265625,-0.9526786804199219,147.51519775390625,146.92770385742188,147.3733673095703,146.78375244140625
13.241999999,-588.5999755859375,7990.1025390625,-1.033630132675171,149.15374755859375,144.73854064941406,149.62257385253906,145.0851287841797
13.341999999,-588.5999755859375,7991.5439453125,-1.1154061555862427,146.44854736328125,143.65994262695312,150.66419982910156,147.8273162841797
13.441999999,-588.5999755859375,7993.18994140625,-1.2005587816238403,145.6822509765625,147.50643920898438,146.8035888671875,148.6077117919922
13.541999999,-588.5999755859375,7994.9697265625,-1.2880569696426392,150.06150817871094,146.85025024414062,147.48184204101562,144.20640563964844
13.641999999,-588.5999755859375,7996.88623046875,-1.37679922580719,145.41952514648438,143.2699432373047,151.04434204101562,148.86619567871094
13.741999999,-588.5999755859375,7998.99560546875,-1.4648494720458984,147.18807983398438,147.19992065429688,147.10008239746094,147.11192321777344
13.841999999,-588.5999755859375,8001.3603515625,-1.5521490573883057,146.51576232910156,145.1528778076172,149.15283203125,147.7785186767578
13.941999999,-588.5999755859375,8004.12255859375,-1.6383936405181885,148.3264923095703,147.05882263183594,147.24610900878906,145.96856689453125
14.041999999,-588.5999755859375,8007.32763671875,-1.7253342866897583,148.90948486328125,146.49700927734375,147.8209991455078,145.37249755859375
14.141999999,-588.5999755859375,8010.96875,-1.8129624128341675,147.60467529296875,145.29696655273438,149.01951599121094,146.67884826660156
14.241999999,-588.5999755859375,8014.9345703125,-1.9018055200576782,146.10707092285156,144.1861114501953,150.12527465820312,148.18154907226562
14.341999999,-588.5999755859375,8019.015625,-1.9923434257507324,147.9566192626953,147.19375610351562,147.1080322265625,146.3415985107422
14.441999999,-588.5999755859375,8023.11181640625,-2.0792410373687744,147.2124481201172,144.9592742919922,149.35643005371094,147.0718536376953
14.541999999,-588.5999755859375,8027.13916015625,-2.1586363315582275,147.41912841796875,145.5309295654297,148.7800750732422,146.869873046875
14.641999999,-588.5999755859375,8031.044921875,-2.232057809829712,148.14878845214844,147.7481689453125,146.5523223876953,146.1507110595703
14.741999999,-588.5999755859375,8034.8662109375,-2.2969744205474854,148.13780212402344,145.42779541015625,148.8949737548828,146.13941955566406
14.841999999,-588.5999755859375,8038.560546875,-2.355186700820923,148.44419860839844,144.67897033691406,149.66529846191406,145.8115234375
14.941999999,-588.5999755859375,8042.26123046875,-2.4076225757598877,149.16683959960938,146.77906799316406,147.53858947753906,145.11550903320312
15.041999999,-588.5999755859375,8046.07177734375,-2.454479217529297,149.32843017578125,145.3691864013672,148.97982788085938,144.9225616455078
15.141999999,-588.5999755859375,8050.0625,-2.4965789318084717,149.30271911621094,145.11619567871094,149.23867797851562,144.94241333007812
15.241999999,-588.5999755859375,8054.15771484375,-2.5349974632263184,147.5784149169922,145.43194580078125,148.88229370117188,146.7073516845703
15.341999999,-588.5999755859375,8058.185546875,-2.570035934448242,152.32823181152344,143.38771057128906,151.17039489746094,141.71365356445312
15.441999999,-588.5999755859375,8062.12841796875,-2.6020753383636475,148.28094482421875,144.8525390625,149.4840850830078,145.98243713378906
15.541999999,-588.5999755859375,8065.9755859375,-2.6305558681488037,147.09686279296875,146.4952392578125,147.80587768554688,147.2020263671875
15.641999999,-588.5999755859375,8069.76123046875,-2.655778646469116,147.1228790283203,145.5440673828125,148.76361083984375,147.16944885253906
15.741999999,-588.5999755859375,8073.62548828125,-2.677441358566284,150.37078857421875,142.7581329345703,151.7273712158203,143.74371337890625
15.841999999,-588.5999755859375,8077.771484375,-2.69598650932312,147.89976501464844,144.587890625,149.7462615966797,146.36607360839844
15.941999999,-588.5999755859375,8082.2744140625,-2.7117655277252197,149.08566284179688,146.49293518066406,147.82791137695312,145.19351196289062
16.041999999,-588.5999755859375,8087.1240234375,-2.725236654281616,149.51016235351562,146.08810424804688,148.24838256835938,144.7533416748047
16.141999999,-588.5999755859375,8092.220703125,-2.736983299255371,144.83004760742188,149.33177185058594,145.0283966064453,149.40977478027344
16.241999999,-588.5999755859375,8097.3212890625,-2.7474172115325928,142.12899780273438,149.0997314453125,145.34251403808594,152.0287628173828
16.341999999,-588.5999755859375,8102.357421875,-2.7555320262908936,147.81349182128906,146.7872772216797,147.51596069335938,146.4832763671875
16.441999999,-588.5999755859375,8107.28564453125,-2.7617180347442627,147.28875732421875,146.50193786621094,147.79995727539062,147.0093536376953
16.541999999,-588.5999755859375,8112.15673828125,-2.7657768726348877,148.3284912109375,148.00660705566406,146.293701171875,145.97119140625
16.641999999,-588.5999755859375,8116.9482421875,-2.767516613006592,147.0078582763672,146.52688598632812,147.77381896972656,147.2914276123047
16.741999999,-588.5999755859375,8121.6884765625,-2.7670607566833496,147.0801239013672,145.9377899169922,148.3662109375,147.2158660888672
16.841999999,-588.5999755859375,8126.39306640625,-2.7646501064300537,141.49668884277344,150.64785766601562,143.89425659179688,152.5612030029297
16.941999999,-588.5999755859375,8131.0625,-2.764648675918579,147.19247436523438,146.87139892578125,147.42892456054688,147.1072235107422
17.041999999,-588.5999755859375,8135.72412109375,-2.7647180557250977,147.02291870117188,147.03001403808594,147.26998901367188,147.27708435058594
17.141999999,-588.5999755859375,8140.3359375,-2.7648093700408936,147.7561492919922,146.4488983154297,147.85635375976562,146.53860473632812
17.241999999,-588.5999755859375,8144.96337890625,-2.7648885250091553,146.989013671875,146.7852783203125,147.51486206054688,147.31085205078125
17.341999999,-588.5999755859375,8149.59765625,-2.764949321746826,147.1367950439453,146.89756774902344,147.40260314941406,147.16302490234375
17.441999999,-588.5999755859375,8154.27294921875,-2.764979600906372,147.244384765625,147.2440185546875,147.05596923828125,147.0556182861328
17.541999999,-588.5999755859375,8158.9990234375,-2.7649543285369873,146.8776397705078,147.39736938476562,146.9034423828125,147.42153930664062
17.641999999,-588.5999755859375,8163.72265625,-2.76488995552063,147.0238494873047,147.50694274902344,146.79376220703125,147.2754364013672
17.741999999,-588.5999755859375,8168.47607421875,-2.76479434967041,147.21035766601562,147.4573516845703,146.84283447265625,147.08946228027344
17.841999999,-588.5999755859375,8173.22705078125,-2.7647175788879395,146.69691467285156,147.77853393554688,146.52500915527344,147.59954833984375
17.941999999,-588.5999755859375,8177.9853515625,-2.7646400928497314,147.3329315185547,147.2111358642578,147.0889129638672,146.96702575683594
18.041999999,-588.5999755859375,8182.75830078125,-2.764596939086914,146.9213409423828,147.6012725830078,146.70013427734375,147.37725830078125
18.141999999,-588.5999755859375,8187.4794921875,-2.7646117210388184,147.00904846191406,147.31411743164062,146.9861602783203,147.29066467285156
18.241999999,-588.5999755859375,8192.0712890625,-2.764657735824585,147.39833068847656,146.79104614257812,147.51007080078125,146.90054321289062
18.341999999,-588.5999755859375,8196.478515625,-2.764739513397217,147.47750854492188,146.5256805419922,147.777099609375,146.81971740722656
18.441999999,-588.5999755859375,8200.6806640625,-2.7648391723632812,147.87295532226562,147.07261657714844,147.22933959960938,146.42507934570312
18.541999999,-588.5999755859375,8204.634765625,-2.7606027126312256,146.24371337890625,144.92173767089844,149.38363647460938,148.05091857910156
18.641999999,-588.5999755859375,8208.34375,-2.7542145252227783,148.0950927734375,146.63388061523438,147.67269897460938,146.19833374023438
18.741999999,-588.5999755859375,8211.751953125,-2.746009349822998,148.1354522705078,146.44613647460938,147.8626708984375,146.15576171875
18.841999999,-588.5999755859375,8214.84765625,-2.735532283782959,147.9033203125,147.1935577392578,147.10797119140625,146.3951416015625
18.941999999,-588.5999755859375,8217.673828125,-2.7231245040893555,148.469970703125,146.89340209960938,147.4142608642578,145.8223876953125
19.041999999,-588.5999755859375,8220.2158203125,-2.7089297771453857,153.30899047851562,147.79893493652344,146.596923828125,140.8951416015625
19.141999999,-588.5999755859375,8222.4306640625,-2.6926047801971436,145.22808837890625,149.5400848388672,144.815185546875,149.01663208007812
19.241999999,-588.5999755859375,8224.3515625,-2.6737446784973145,147.41212463378906,146.67808532714844,147.62356567382812,146.88623046875
19.341999999,-588.5999755859375,8225.9130859375,-2.6527259349823,151.30865478515625,143.98504638671875,150.48629760742188,142.8199920654297
19.441999999,-588.5999755859375,8227.0888671875,-2.6281802654266357,148.17547607421875,145.4990997314453,148.8231201171875,146.10231018066406
19.541999999,-588.5999755859375,8227.861328125,-2.6002390384674072,147.740478515625,145.38699340820312,148.93016052246094,146.54238891601562
19.641999999,-588.5999755859375,8228.2763671875,-2.5681204795837402,146.99508666992188,146.34970092773438,147.95156860351562,147.3036346435547
19.741999999,-588.5999755859375,8228.443359375,-2.532026767730713,149.49505615234375,146.03829956054688,148.2989501953125,144.7677001953125
19.841999999,-588.5999755859375,8228.4375,-2.4918978214263916,146.52297973632812,147.03150939941406,147.269287109375,147.77622985839844
19.941999999,-588.5999755859375,8228.4091796875,-2.447962760925293,146.27967834472656,149.66647338867188,144.6678009033203,147.98602294921875
20.041999999,-588.5999755859375,8228.357421875,-2.4002764225006104,145.1970672607422,146.3616180419922,147.94248962402344,149.0988311767578
20.141999999,-588.5999755859375,8228.353515625,-2.349215030670166,146.91848754882812,146.504150390625,147.79637145996094,147.3809814453125
20.241999999,-588.5999755859375,8228.373046875,-2.2942028045654297,149.28086853027344,143.06422424316406,151.3583526611328,144.89654541015625
20.341999999,-588.5999755859375,8228.4677734375,-2.2339980602264404,148.0148162841797,146.68902587890625,147.6163787841797,146.27978515625
20.441999999,-588.5999755859375,8228.68359375,-2.1688034534454346,145.90283203125,146.11447143554688,148.18565368652344,148.39703369140625
20.541999999,-588.5999755859375,8228.814453125,-2.0960371494293213,147.55038452148438,148.60829162597656,145.69509887695312,146.74623107910156
20.641999999,-588.5999755859375,8229.0,-2.0152978897094727,147.8450469970703,146.06015014648438,148.2496795654297,146.4451141357422
20.741999999,-588.5999755859375,8229.357421875,-1.9264287948608398,148.0309295654297,147.50282287597656,146.7980194091797,146.26821899414062
20.841999999,-588.5999755859375,8229.9970703125,-1.8356980085372925,151.5232391357422,144.62060546875,149.83119201660156,142.6249542236328
20.942,-588.5999755859375,8230.9931640625,-1.7463383674621582,149.50579833984375,145.96263122558594,148.37652587890625,144.7550506591797
21.042,-588.5999755859375,8232.330078125,-1.6584889888763428,148.30406188964844,144.96226501464844,149.3725128173828,145.96115112304688
21.142,-588.5999755859375,8233.884765625,-1.571367859840393,147.73854064941406,147.93446350097656,146.3656463623047,146.56134033203125
21.242,-588.5999755859375,8235.7001953125,-1.485921859741211,149.11993408203125,141.28073120117188,153.2162628173828,144.9830780029297
21.342,-588.5999755859375,8237.6806640625,-1.4000463485717773,147.4369659423828,145.93310546875,148.37387084960938,146.85606384277344
21.442,-588.5999755859375,8239.744140625,-1.313506007194519,148.59130859375,146.21664428710938,148.10081481933594,145.6912384033203
21.542,-588.5999755859375,8241.9189453125,-1.2264392375946045,147.64500427246094,145.47230529785156,148.84228515625,146.64039611816406
21.642,-588.5999755859375,8244.232421875,-1.1492280960083008,143.29251098632812,141.38194274902344,152.9293212890625,150.99623107910156
21.742,-588.5999755859375,8246.84375,-1.1468743085861206,147.6375732421875,145.76788330078125,148.54290771484375,146.65162658691406
21.842,-588.5999755859375,8249.564453125,-1.1451252698898315,145.6952667236328,149.03347778320312,145.29983520507812,148.5714111328125
21.942,-588.5999755859375,8252.5849609375,-1.1444954872131348,147.69732666015625,146.8907928466797,147.4112091064453,146.60067749023438
22.042,-588.5999755859375,8255.4912109375,-1.1450004577636719,147.239990234375,146.37095642089844,147.93136596679688,147.05770874023438
22.142,-588.5999755859375,8258.3671875,-1.1465476751327515,146.85594177246094,147.6443634033203,146.6575164794922,147.44216918945312
22.242,-588.5999755859375,8261.1435546875,-1.148851990699768,148.00962829589844,147.30813598632812,146.9933624267578,146.2888641357422
22.342,-588.5999755859375,8264.0576171875,-1.1513499021530151,147.62112426757812,146.31369018554688,147.99156188964844,146.6736297607422
22.442,-588.5999755859375,8267.0966796875,-1.1534056663513184,146.84573364257812,147.757568359375,146.54495239257812,147.45175170898438
22.542,-588.5999755859375,8270.080078125,-1.1545735597610474,147.75193786621094,146.71949768066406,147.58377075195312,146.5447998046875
22.642,-588.5999755859375,8273.0478515625,-1.2262338399887085,147.5758514404297,148.45362854003906,145.8487091064453,146.72181701660156
22.742,-588.5999755859375,8275.9345703125,-1.3094266653060913,144.8477783203125,147.3327178955078,146.98583984375,149.43365478515625
22.842,-588.5999755859375,8278.876953125,-1.393912434577942,146.63681030273438,146.956298828125,147.34400939941406,147.66287231445312
22.942,-588.5999755859375,8281.7939453125,-1.478584885597229,145.84059143066406,148.51638793945312,145.8050994873047,148.4379119873047
23.042,-588.5999755859375,8284.7607421875,-1.5650968551635742,145.99630737304688,148.23704528808594,146.07806396484375,148.28857421875
23.142,-588.5999755859375,8287.6259765625,-1.6538249254226685,147.2025604248047,147.10816955566406,147.19186401367188,147.09742736816406
23.242,-588.5999755859375,8290.1953125,-1.7450717687606812,146.74258422851562,148.4080810546875,145.90029907226562,147.54904174804688
23.342,-588.5999755859375,8292.4599609375,-1.8371548652648926,145.79290771484375,146.4867401123047,147.81472778320312,148.50563049316406
23.442,-588.5999755859375,8294.408203125,-1.9283692836761475,149.6552276611328,144.36044311523438,150.0279541015625,144.55638122558594
23.542,-588.5999755859375,8296.091796875,-2.0145957469940186,147.1561737060547,148.1588134765625,146.14422607421875,147.14077758789062
23.642,-588.5999755859375,8297.6142578125,-2.0926263332366943,144.38992309570312,151.98193359375,142.48617553710938,149.74195861816406
23.742,-588.5999755859375,8299.1103515625,-2.1640419960021973,146.25570678710938,148.85740661621094,145.46292114257812,148.0239715576172
23.842,-588.5999755859375,8300.5771484375,-2.229917526245117,146.12808227539062,148.7653350830078,145.55555725097656,148.15103149414062
23.942,-588.5999755859375,8302.05859375,-2.2916533946990967,144.0794219970703,147.76148986816406,146.57896423339844,150.1801300048828
24.042,-588.5999755859375,8303.447265625,-2.3490896224975586,147.699951171875,147.9057159423828,146.39442443847656,146.59991455078125
24.142,-588.5999755859375,8304.658203125,-2.4015560150146484,145.26113891601562,150.48779296875,143.89297485351562,148.9580841064453
24.242,-588.5999755859375,8305.6806640625,-2.450571060180664,148.2041473388672,148.05055236816406,146.24951171875,146.0957794189453
24.342,-588.5999755859375,8306.51953125,-2.4515953063964844,145.58853149414062,148.18045043945312,146.1397247314453,148.6912841796875
24.442,-588.5999755859375,8306.9755859375,-2.45236873626709,148.22573852539062,146.2041473388672,148.1084747314453,146.0616455078125
24.542,-588.5999755859375,8307.1630859375,-2.4525089263916016,147.57498168945312,146.83917236328125,147.4624786376953,146.72335815429688
24.642,-588.5999755859375,8306.8828125,-2.452021598815918,146.00099182128906,148.29937744140625,146.01651000976562,148.28311157226562
24.742,-588.5999755859375,8306.3505859375,-2.4510600566864014,146.99594116210938,147.04176330566406,147.25823974609375,147.30404663085938
24.842,-588.5999755859375,8305.412109375,-2.4497945308685303,147.17225646972656,147.4838409423828,146.8164520263672,147.12745666503906
24.942,-588.5999755859375,8304.109375,-2.4485366344451904,146.09442138671875,148.2535400390625,146.0605010986328,148.19154357910156
25.042,-588.5999755859375,8302.65625,-2.4168689250946045,147.49441528320312,150.23504638671875,144.08749389648438,146.7830352783203
25.142,-588.5999755859375,8300.8662109375,-2.3680038452148438,148.67428588867188,147.10911560058594,147.1984405517578,145.6181640625
25.242,-588.5999755859375,8298.82421875,-2.3148813247680664,147.01181030273438,144.87586975097656,149.43821716308594,147.2740936279297
25.342,-588.5999755859375,8296.5478515625,-2.257659912109375,147.38710021972656,145.0467529296875,149.2701873779297,146.8959503173828
25.442,-588.5999755859375,8294.0888671875,-2.1954970359802246,148.43963623046875,145.82200622558594,148.49923706054688,145.83912658691406
25.542,-588.5999755859375,8291.6142578125,-2.1269354820251465,147.57456970214844,148.63294982910156,145.6704559326172,146.7220458984375
25.642,-588.5999755859375,8288.814453125,-2.0507287979125977,148.66281127929688,144.62547302246094,149.7255096435547,145.58619689941406
25.742,-588.5999755859375,8285.73046875,-1.9665473699569702,145.62527465820312,142.2722625732422,152.062744140625,148.63970947265625
25.842,-588.5999755859375,8282.3740234375,-1.8766995668411255,147.19764709472656,149.30374145507812,145.00962829589844,147.0889892578125
25.942,-588.5999755859375,8278.724609375,-1.7846357822418213,144.69725036621094,142.2927703857422,152.02513122558594,149.58485412597656
26.042,-588.5999755859375,8274.80859375,-1.6946121454238892,150.02484130859375,146.13809204101562,148.20912170410156,144.2279510498047
26.142,-588.5999755859375,8270.830078125,-1.6058123111724854,145.9405059814453,147.89688110351562,146.41465759277344,148.34796142578125
26.242,-588.5999755859375,8266.71875,-1.5181312561035156,145.3973388671875,145.4616241455078,148.83837890625,148.90264892578125
26.342,-588.5999755859375,8262.625,-1.433003306388855,148.53961181640625,143.68536376953125,150.688720703125,145.68629455566406
26.442,-588.5999755859375,8258.6962890625,-1.3461418151855469,148.44456481933594,147.48556518554688,146.8172607421875,145.8526153564453
26.542,-588.5999755859375,8254.755859375,-1.2593821287155151,148.8372039794922,145.7285614013672,148.6014862060547,145.4327392578125
26.642,-588.5999755859375,8250.765625,-1.1731294393539429,148.3040313720703,145.06884765625,149.2637176513672,145.96339416503906
26.742,-588.5999755859375,8246.60546875,-1.0846155881881714,145.78082275390625,149.56716918945312,144.77557373046875,148.47642517089844
26.842,-588.5999755859375,8242.396484375,-0.9984215497970581,148.15211486816406,146.128662109375,148.18397521972656,146.13523864746094
26.942,-588.5999755859375,8238.0546875,-0.9150300621986389,147.31907653808594,145.62400817871094,148.68484497070312,146.97206115722656
27.042,-588.5999755859375,8233.595703125,-0.8321925401687622,147.0279083251953,147.28338623046875,147.01681518554688,147.2718963623047
27.142,-588.5999755859375,8229.1162109375,-0.7530204653739929,147.93942260742188,146.22927856445312,148.07974243164062,146.35154724121094
27.242,-588.5999755859375,8224.6533203125,-0.6784828901290894,148.75473022460938,143.89491271972656,150.47935485839844,145.47100830078125
27.342,-588.5999755859375,8220.501953125,-0.6056256294250488,147.20907592773438,146.0463104248047,148.25784301757812,147.08677673339844
27.442,-588.5999755859375,8216.5703125,-0.5329824686050415,148.76547241210938,146.08189392089844,148.2404327392578,145.51219177246094
27.542,-588.5999755859375,8212.861328125,-0.460906982421875,148.7174072265625,144.73165893554688,149.61801147460938,145.5329132080078
27.642,-588.5999755859375,8209.421875,-0.3860364556312561,146.93572998046875,147.1658172607422,147.1343536376953,147.36410522460938
27.742,-588.5999755859375,8206.0517578125,-0.31054890155792236,150.0789337158203,149.04144287109375,145.26185607910156,144.21775817871094
27.842,-588.5999755859375,8202.77734375,-0.23525847494602203,152.0012664794922,144.95944213867188,149.49868774414062,142.14060974121094
27.942,-588.5999755859375,8199.61328125,-0.1601981371641159,147.6901397705078,145.40774536132812,148.9083709716797,146.59375
28.042,-588.5999755859375,8196.548828125,-0.0860213041305542,148.53199768066406,146.4867706298828,147.82614135742188,145.7550811767578
28.142,-588.5999755859375,8193.701171875,-0.012431904673576355,148.7697296142578,145.88458251953125,148.44126892089844,145.50442504882812
28.242,-588.5999755859375,8191.2265625,0.06152860447764397,150.8673553466797,140.5321807861328,154.11598205566406,143.08448791503906
28.342,-588.5999755859375,8189.12548828125,0.13428866863250732,149.75537109375,146.69485473632812,147.63426208496094,144.51551818847656
28.442,-588.5999755859375,8187.44482421875,0.20778946578502655,146.462646484375,145.18055725097656,149.12449645996094,147.83230590820312
28.542,-588.5999755859375,8186.09423828125,0.28269055485725403,148.18392944335938,146.98841857910156,147.3159637451172,146.11167907714844
28.642,-588.5999755859375,8184.9794921875,0.3594730496406555,147.2131805419922,146.6953887939453,147.6054229736328,147.08599853515625
28.742,-588.5999755859375,8183.9619140625,0.4367564618587494,144.15757751464844,148.62094116210938,145.7382354736328,150.083251953125
28.842,-588.5999755859375,8182.98779296875,0.5132405757904053,147.1058807373047,146.0887451171875,148.2144317626953,147.19094848632812
28.942,-588.5999755859375,8181.96533203125,0.5149062275886536,147.48268127441406,148.0513458251953,146.24964904785156,146.8163299560547
29.042,-588.5999755859375,8180.8583984375,0.5151412487030029,146.79669189453125,147.16969299316406,147.13072204589844,147.5028839111328
29.142,-588.5999755859375,8179.5810546875,0.5141732096672058,147.4750518798828,146.5337677001953,147.76895141601562,146.82223510742188
29.242,-588.5999755859375,8178.1650390625,0.5118771195411682,147.3337860107422,147.58953857421875,146.71066284179688,146.9660186767578
29.342,-588.5999755859375,8176.6484375,0.5090662240982056,147.6177520751953,146.42742919921875,147.87692260742188,146.67788696289062
29.442,-588.5999755859375,8175.05126953125,0.5063451528549194,147.254638671875,146.66629028320312,147.634765625,147.04429626464844
29.542,-588.5999755859375,8173.43896484375,0.5041965842247009,147.75830078125,146.1680145263672,148.1397705078125,146.53392028808594
29.642,-588.5999755859375,8171.78271484375,0.5033307075500488,146.78562927246094,147.48446655273438,146.8170166015625,147.51287841796875
29.742,-588.5999755859375,8170.0634765625,0.5039255023002625,147.2060089111328,146.86585998535156,147.4344940185547,147.09364318847656
29.842,-588.5999755859375,8168.29736328125,0.5056411623954773,146.3899688720703,147.92556762695312,146.38156127929688,147.90289306640625
29.942,-588.5999755859375,8166.560546875,0.5082395076751709,147.22239685058594,147.3577423095703,146.94232177734375,147.07754516601562
30.042,-588.5999755859375,8164.90576171875,0.5111299157142639,146.48223876953125,147.50393676757812,146.7992401123047,147.81459045410156
30.142,-588.5999755859375,8163.30517578125,0.5135442614555359,147.51263427734375,147.5747528076172,146.7252655029297,146.787353515625
30.242,-588.5999755859375,8161.748046875,0.5149990916252136,146.81617736816406,147.20849609375,147.09197998046875,147.4833526611328
30.342,-588.5999755859375,8160.203125,0.5151219367980957,147.25592041015625,147.00648498535156,147.293701171875,147.0438995361328
30.442,-588.5999755859375,8158.677734375,0.5138020515441895,146.94729614257812,147.2321014404297,147.06814575195312,147.35244750976562
30.542,-588.5999755859375,8157.212890625,0.5114413499832153,147.94386291503906,146.8022003173828,147.50181579589844,146.35214233398438
30.642,-588.5999755859375,8155.82275390625,0.5086128115653992,147.0737762451172,146.9525604248047,147.3474884033203,147.22618103027344
30.742,-588.5999755859375,8154.46875,0.5059337019920349,147.69981384277344,146.45811462402344,147.84661865234375,146.59544372558594
30.842,-588.5999755859375,8153.16748046875,0.5039275288581848,147.41990661621094,147.0547637939453,147.2456512451172,146.8796844482422
30.942,-588.5999755859375,8151.87548828125,0.5033766031265259,147.08447265625,147.1764678955078,147.12356567382812,147.2154998779297
31.042,-588.5999755859375,8150.59716796875,0.5040328502655029,146.61476135253906,147.3867950439453,146.91500854492188,147.6834259033203
31.142,-588.5999755859375,8149.3740234375,0.5058856010437012,147.0657196044922,147.57994079589844,146.72085571289062,147.2334747314453
31.242,-588.5999755859375,8148.23681640625,0.5086274743080139,146.52525329589844,147.68695068359375,146.6171417236328,147.77066040039062
31.342,-588.5999755859375,8147.18408203125,0.5114675760269165,147.00564575195312,148.04820251464844,146.25509643554688,147.2910614013672
31.442,-588.5999755859375,8146.16943359375,0.5137477517127991,146.7219696044922,147.22366333007812,147.0771026611328,147.5772705078125
31.542,-588.5999755859375,8145.0810546875,0.5150240063667297,147.1209259033203,147.23004150390625,147.07000732421875,147.17904663085938
31.642,-588.5999755859375,8143.83837890625,0.5148235559463501,147.03880310058594,147.1607208251953,147.1393280029297,147.26113891601562
31.742,-588.5999755859375,8142.4130859375,0.5133782029151917,147.63699340820312,146.7054443359375,147.5972137451172,146.6603546142578
31.842,-588.5999755859375,8140.833984375,0.5110224485397339,147.2821044921875,147.3638153076172,146.9362030029297,147.01788330078125
31.942,-588.5999755859375,8139.13232421875,0.5080928206443787,147.82534790039062,146.42974853515625,147.87625122070312,146.46865844726562
32.042,-588.5999755859375,8137.42333984375,0.5054658651351929,147.50421142578125,147.03475952148438,147.2659149169922,146.7951202392578
32.142,-588.5999755859375,8135.7568359375,0.5037766695022583,147.66018676757812,146.84974670410156,147.4522705078125,146.63780212402344
32.242,-588.5999755859375,8134.119140625,0.5032559633255005,147.03878784179688,147.39503479003906,146.9053497314453,147.26083374023438
32.342,-588.5999755859375,8132.56787109375,0.5042262077331543,147.13572692871094,147.16033935546875,147.13966369628906,147.16427612304688
32.442,-588.5999755859375,8131.10888671875,0.5063183903694153,146.52308654785156,147.6692657470703,146.6347198486328,147.77293395996094
32.542,-588.5999755859375,8129.76708984375,0.5829551219940186,148.45462036132812,144.3043670654297,150.04954528808594,145.7914581298828
32.642,-588.5999755859375,8128.48291015625,0.660013735294342,147.14291381835938,145.79379272460938,148.51181030273438,147.1514892578125
32.742,-588.5999755859375,8127.20849609375,0.7367331981658936,145.36106872558594,147.90921020507812,146.41029357910156,148.91941833496094
32.842,-588.5999755859375,8126.08447265625,0.8144586086273193,149.8346405029297,144.5323944091797,149.85626220703125,144.376708984375
32.942,-588.5999755859375,8125.11474609375,0.8915350437164307,147.9617156982422,146.33335876464844,147.9748077392578,146.33010864257812
33.042,-588.5999755859375,8124.38330078125,0.9692665934562683,145.06094360351562,150.1499481201172,144.2266845703125,149.1624298095703
33.142,-588.5999755859375,8123.77490234375,1.0481847524642944,148.3648223876953,146.47265625,147.83839416503906,145.92413330078125
33.242,-588.5999755859375,8123.25048828125,1.1280335187911987,148.17466735839844,144.85182189941406,149.48255920410156,146.09095764160156
33.342,-588.5999755859375,8122.68359375,1.2112689018249512,151.0102081298828,145.92820739746094,148.453125,143.20846557617188
33.442,-588.5999755859375,8122.0146484375,1.2975742816925049,147.8897247314453,145.34864807128906,148.9713592529297,146.3902587890625
33.542,-588.5999755859375,8121.30712890625,1.3852124214172363,146.9910888671875,147.89340209960938,146.40907287597656,147.3064422607422
33.642,-588.5999755859375,8120.6787109375,1.4708824157714844,146.7010955810547,148.20034790039062,146.1064453125,147.5921173095703
33.742,-588.5999755859375,8120.32080078125,1.5571649074554443,147.6028289794922,146.43109130859375,147.8731231689453,146.69296264648438
33.842,-588.5999755859375,8120.44384765625,1.642991065979004,150.0082244873047,147.63401794433594,146.68344116210938,144.27432250976562
33.942,-588.5999755859375,8121.3154296875,1.729201316833496,147.68299865722656,147.0702667236328,147.2308807373047,146.6158447265625
34.042,-588.5999755859375,8122.771484375,1.8154150247573853,148.51248168945312,145.9882049560547,148.33152770996094,145.7677764892578
34.142,-588.5999755859375,8124.7333984375,1.9026830196380615,147.6606903076172,145.9884033203125,148.32020568847656,146.6306915283203
34.242,-588.5999755859375,8126.90771484375,1.9917914867401123,147.03233337402344,147.7489471435547,146.5526123046875,147.26611328125
34.342,-588.5999755859375,8129.171875,2.0788121223449707,148.40069580078125,145.43898010253906,148.88827514648438,145.87205505371094
34.442,-588.5999755859375,8131.40185546875,2.159409999847412,148.8388671875,147.4637908935547,146.84202575683594,145.455322265625
34.542,-588.5999755859375,8133.54638671875,2.2333858013153076,148.36781311035156,147.283935546875,147.01966857910156,145.9285888671875
34.642,-588.5999755859375,8135.67431640625,2.300117015838623,148.5198974609375,145.43873596191406,148.89077758789062,145.75057983398438
34.742,-588.5999755859375,8137.7021484375,2.3595316410064697,148.078125,144.7037353515625,149.63172912597656,146.1864013671875
34.842,-588.5999755859375,8139.71728515625,2.4118311405181885,148.67758178710938,146.23922729492188,148.07919311523438,145.60400390625
34.942,-588.5999755859375,8141.74560546875,2.4591267108917236,147.9615020751953,145.64739990234375,148.66917419433594,146.32192993164062
35.042,-588.5999755859375,8143.79736328125,2.5013327598571777,149.12684631347656,144.9918975830078,149.3616180419922,145.11964416503906
35.142,-588.5999755859375,8145.8837890625,2.539616107940674,147.8151092529297,146.8829345703125,147.41973876953125,146.4822235107422
35.242,-588.5999755859375,8147.78173828125,2.574300765991211,148.7681884765625,144.98709106445312,149.3575439453125,145.48716735839844
35.342,-588.5999755859375,8149.455078125,2.6059329509735107,151.0627899169922,147.09400939941406,147.25523376464844,143.18795776367188
35.442,-588.5999755859375,8150.951171875,2.6338613033294678,148.23243713378906,146.53590393066406,147.77296447753906,146.05870056152344
35.542,-588.5999755859375,8152.25244140625,2.6589109897613525,147.032958984375,145.7708282470703,148.5340576171875,147.26214599609375
35.642,-588.5999755859375,8153.38818359375,2.680926561355591,147.12242126464844,145.30577087402344,149.00439453125,147.16738891601562
35.742,-588.5999755859375,8154.52783203125,2.6992921829223633,147.10711669921875,145.9542236328125,148.349853515625,147.1887969970703
35.842,-588.5999755859375,8155.76123046875,2.714970350265503,149.1602783203125,145.23526000976562,149.11288452148438,145.09156799316406
35.942,-588.5999755859375,8157.20166015625,2.728166103363037,149.1524658203125,145.1856689453125,149.1635284423828,145.09832763671875
36.042,-588.5999755859375,8158.9453125,2.739626884460449,148.6463623046875,146.57188415527344,147.7414093017578,145.6403350830078
36.142,-588.5999755859375,8160.775390625,2.7492575645446777,147.2000274658203,145.75181579589844,148.5546417236328,147.09352111816406
36.242,-588.5999755859375,8162.62060546875,2.756958484649658,147.53265380859375,149.6903076171875,144.6237030029297,146.75332641601562
36.342,-588.5999755859375,8164.37890625,2.76261568069458,145.63607788085938,146.7691650390625,147.5347137451172,148.6600341796875
36.442,-588.5999755859375,8166.09375,2.7661726474761963,147.16456604003906,147.35545349121094,146.9446563720703,147.1353302001953
36.542,-588.5999755859375,8167.78173828125,2.767521619796753,147.11016845703125,146.6863555908203,147.61419677734375,147.1892852783203
36.642,-588.5999755859375,8169.46728515625,2.7668187618255615,147.65545654296875,147.70529174804688,146.59471130371094,146.64453125
36.742,-588.5999755859375,8171.3759765625,2.764089822769165,145.76849365234375,146.68063354492188,147.62188720703125,148.52899169921875
36.842,-588.5999755859375,8173.623046875,2.7592899799346924,148.91758728027344,146.39898681640625,147.920654296875,145.36276245117188
36.942,-588.5999755859375,8176.30029296875,2.7594234943389893,147.02322387695312,147.14431762695312,147.1557159423828,147.2767333984375
37.042,-588.5999755859375,8179.25048828125,2.759597063064575,147.20960998535156,147.12722778320312,147.17279052734375,147.0903778076172
37.142,-588.5999755859375,8182.44580078125,2.7597455978393555,147.97511291503906,145.94410705566406,148.36862182617188,146.3121337890625
37.242,-588.5999755859375,8185.94384765625,2.7598583698272705,146.80526733398438,147.12969970703125,147.17062377929688,147.49441528320312
37.342,-588.5999755859375,8189.59033203125,2.764420509338379,145.1400604248047,150.3942413330078,143.98736572265625,149.0783233642578
37.442,-588.5999755859375,8193.333984375,2.767087697982788,143.447998046875,148.8313446044922,145.5542755126953,150.76638793945312
37.542,-588.5999755859375,8197.14453125,2.7676126956939697,145.868896484375,148.39720153808594,145.92201232910156,148.4119110107422
37.642,-588.5999755859375,8201.029296875,2.766258478164673,146.58734130859375,148.7162628173828,145.59738159179688,147.69900512695312
37.742,-588.5999755859375,8205.033203125,2.762988328933716,146.92068481445312,149.0447540283203,145.2688446044922,147.36572265625
37.842,-588.5999755859375,8209.1865234375,2.757739782333374,145.06326293945312,147.1488800048828,147.16421508789062,149.2236328125
37.942,-588.5999755859375,8213.52734375,2.7504849433898926,143.0564422607422,143.3792266845703,150.92108154296875,151.2432403564453
38.042,-588.5999755859375,8218.06640625,2.7410290241241455,147.03311157226562,148.52342224121094,145.78329467773438,147.26016235351562
38.142,-588.5999755859375,8222.8125,2.7293436527252197,144.2328338623047,146.1112518310547,148.1993865966797,150.0565185546875
38.242,-588.5999755859375,8227.7041015625,2.715353488922119,147.15931701660156,146.8601837158203,147.44009399414062,147.14041137695312
38.342,-588.5999755859375,8232.6728515625,2.698273181915283,148.1079559326172,147.90667724609375,146.39344787597656,146.19192504882812
38.442,-588.5999755859375,8237.705078125,2.6784651279449463,148.98605346679688,148.0222930908203,146.28054809570312,145.31109619140625
38.542,-588.5999755859375,8242.7958984375,2.6561954021453857,146.66983032226562,147.30880737304688,146.992431640625,147.62892150878906
38.642,-588.5999755859375,8247.96875,2.6310367584228516,149.42898559570312,148.55319213867188,145.74916076660156,144.86866760253906
38.742,-588.5999755859375,8253.2373046875,2.602752208709717,145.71212768554688,147.52427673339844,146.78564453125,148.57797241210938
38.842,-588.5999755859375,8258.6044921875,2.570439100265503,146.0391387939453,147.73580932617188,146.5728759765625,148.25216674804688
38.942,-588.5999755859375,8264.064453125,2.5334506034851074,147.23199462890625,147.9578857421875,146.3437042236328,147.06640625
39.042,-588.5999755859375,8269.58984375,2.4917235374450684,146.08148193359375,147.1148223876953,147.18841552734375,148.2152862548828
39.142,-588.5999755859375,8275.109375,2.4449212551116943,146.9971160888672,148.30282592773438,146.00233459472656,147.29771423339844
39.242,-588.5999755859375,8280.5068359375,2.3929872512817383,147.55783081054688,144.02767944335938,150.31118774414062,146.70330810546875
39.342,-588.5999755859375,8285.712890625,2.336589813232422,148.4295654296875,148.399169921875,145.9008331298828,145.8704376220703
39.442,-588.5999755859375,8290.69140625,2.2764854431152344,147.11431884765625,147.891845703125,146.4099884033203,147.183837890625
39.542,-588.5999755859375,8295.4736328125,2.211962938308716,146.6369171142578,148.64642333984375,145.66575622558594,147.65090942382812
39.642,-588.5999755859375,8300.0947265625,2.1415693759918213,145.41348266601562,148.23190307617188,146.0919189453125,148.86268615722656
39.742,-588.5999755859375,8304.609375,2.0646631717681885,145.97581481933594,149.3462371826172,144.9877166748047,148.29022216796875
39.842,-588.5999755859375,8309.056640625,1.9801138639450073,144.67230224609375,148.07032775878906,146.26419067382812,149.5931854248047
39.942,-588.5999755859375,8313.4189453125,1.8922051191329956,144.54367065429688,147.77670288085938,146.5545654296875,149.72506713867188
40.042,-588.5999755859375,8317.734375,1.8036487102508545,147.4064178466797,148.89686584472656,145.40985107421875,146.88687133789062
40.142,-588.5999755859375,8321.9697265625,1.71346914768219,146.4151611328125,148.11717224121094,146.1915740966797,147.8760986328125
40.242,-588.5999755859375,8326.111328125,1.6245397329330444,144.4423828125,148.26393127441406,146.07960510253906,149.8140869140625
40.342,-588.5999755859375,8330.0537109375,1.5359770059585571,145.56201171875,149.9842987060547,144.37380981445312,148.6798858642578
40.442,-588.5999755859375,8333.7626953125,1.4492195844650269,147.0828857421875,149.19418334960938,145.11923217773438,147.2036895751953
40.542,-588.5999755859375,8337.1982421875,1.3650504350662231,144.52781677246094,149.0265350341797,145.33355712890625,149.71209716796875
40.642,-588.5999755859375,8340.369140625,1.2818541526794434,145.4827423095703,148.2452392578125,146.07765197753906,148.7943572998047
40.742,-588.5999755859375,8343.275390625,1.2004579305648804,145.1793670654297,147.5446014404297,146.772216796875,149.1038055419922
40.842,-588.5999755859375,8345.9736328125,1.1180204153060913,144.5330352783203,147.71868896484375,146.61167907714844,149.73658752441406
40.942,-588.5999755859375,8348.54296875,1.0357089042663574,146.54937744140625,148.45069885253906,145.86021423339844,147.73971557617188
41.042,-588.5999755859375,8351.0615234375,0.9543302655220032,146.10450744628906,146.79116821289062,147.51026916503906,148.19406127929688
41.142,-588.5999755859375,8353.529296875,0.8733604550361633,145.70347595214844,147.24929809570312,147.05792236328125,148.5893096923828
41.242,-588.5999755859375,8355.9248046875,0.7962555885314941,147.3823699951172,148.93975830078125,145.36756896972656,146.91030883789062
41.342,-588.5999755859375,8358.28515625,0.7222416996955872,145.16986083984375,148.2010040283203,146.12652587890625,149.1026153564453
41.442,-588.5999755859375,8360.6953125,0.6510276794433594,145.90597534179688,148.4735107421875,145.84628295898438,148.37423706054688
41.542,-588.5999755859375,8363.3212890625,0.5807097554206848,146.8371124267578,149.09556579589844,145.2197723388672,147.44754028320312
41.642,-588.5999755859375,8366.125,0.5097217559814453,145.48484802246094,147.21412658691406,147.0948944091797,148.80613708496094
41.742,-588.5999755859375,8369.265625,0.43670374155044556,146.02783203125,147.57891845703125,146.72836303710938,148.26490783691406
41.842,-588.5999755859375,8372.6552734375,0.36251160502433777,147.1199951171875,147.73992919921875,146.5612335205078,147.1788330078125
41.942,-588.5999755859375,8376.193359375,0.36207079887390137,146.9659423828125,147.25811767578125,147.04214477539062,147.3337860107422
42.042,-588.5999755859375,8379.853515625,0.36044469475746155,147.93063354492188,146.27520751953125,148.03323364257812,146.36093139648438
42.142,-588.5999755859375,8383.724609375,0.3580113649368286,147.27235412597656,147.06192016601562,147.2382049560547,147.0275115966797
42.242,-588.5999755859375,8387.7822265625,0.3555241823196411,147.47512817382812,147.0304718017578,147.27012634277344,146.8242645263672
42.342,-588.5999755859375,8391.9892578125,0.35322681069374084,147.53749084472656,146.41983032226562,147.88400268554688,146.7586669921875
42.442,-588.5999755859375,8396.3623046875,0.3519333600997925,147.90396118164062,146.90664672851562,147.3964080810547,146.3929901123047
42.542,-588.5999755859375,8400.78515625,0.3518851697444916,146.83566284179688,147.57266235351562,146.72898864746094,147.4626922607422
42.642,-588.5999755859375,8405.2392578125,0.35299187898635864,147.35862731933594,146.91851806640625,147.382080078125,146.94076538085938
42.742,-588.5999755859375,8409.728515625,0.3549818694591522,146.4601593017578,147.4980926513672,146.80517578125,147.83656311035156
42.842,-588.5999755859375,8414.2900390625,0.3575683534145355,146.8175048828125,147.32821655273438,146.9725799560547,147.481689453125
42.942,-588.5999755859375,8418.9423828125,0.35993319749832153,146.69195556640625,147.3822021484375,146.9192352294922,147.60659790039062
43.042,-588.5999755859375,8423.6533203125,0.43627235293388367,150.7753448486328,146.25804138183594,148.10598754882812,143.46063232421875
43.142,-588.5999755859375,8428.408203125,0.5111138820648193,149.10855102539062,147.1422576904297,147.169677734375,145.17950439453125
43.242,-588.5999755859375,8433.15625,0.5844100713729858,146.66415405273438,147.95579528808594,146.34925842285156,147.63079833984375
43.342,-588.5999755859375,8437.904296875,0.6559979915618896,148.9701385498047,142.56634521484375,151.8638916015625,145.1996307373047
43.442,-588.5999755859375,8442.73046875,0.7258161306381226,147.8413848876953,147.53382873535156,146.76644897460938,146.4583282470703
43.542,-588.5999755859375,8447.748046875,0.7980682849884033,147.883056640625,146.38417053222656,147.92274475097656,146.4100341796875
43.642,-588.5999755859375,8452.8388671875,0.8723002672195435,147.7281494140625,146.28016662597656,148.0262908935547,146.56539916992188
43.742,-588.5999755859375,8457.8671875,0.9487378001213074,147.83412170410156,146.58273315429688,147.72207641601562,146.46107482910156
43.842,-588.5999755859375,8462.7001953125,1.0281035900115967,147.27479553222656,146.17176818847656,148.1319580078125,147.02146911621094
43.942,-588.5999755859375,8467.2451171875,1.1089845895767212,145.69187927246094,150.755615234375,143.62026977539062,148.5322265625
44.042,-588.5999755859375,8471.5537109375,1.1910712718963623,148.15492248535156,145.30007934570312,149.02523803710938,146.11978149414062
44.142,-588.5999755859375,8475.69140625,1.2745850086212158,146.9130096435547,147.1431427001953,147.15701293945312,147.38682556152344
44.242,-588.5999755859375,8479.75,1.357846975326538,147.17735290527344,146.69049072265625,147.6102294921875,147.12191772460938
44.342,-588.5999755859375,8483.806640625,1.440991759300232,147.8384552001953,146.05369567871094,148.25613403320312,146.45172119140625
44.442,-588.5999755859375,8487.9384765625,1.524470567703247,147.41653442382812,147.57736206054688,146.72271728515625,146.88339233398438
44.542,-588.5999755859375,8492.10546875,1.6091550588607788,148.77212524414062,146.8349609375,147.47662353515625,145.51629638671875
44.642,-588.5999755859375,8496.2861328125,1.695894479751587,151.8115234375,145.00221252441406,149.44541931152344,142.34083557128906
44.742,-588.5999755859375,8500.373046875,1.7842998504638672,146.6126708984375,148.16819763183594,146.1391143798828,147.68002319335938
44.842,-588.5999755859375,8504.3740234375,1.8745015859603882,151.18179321289062,148.1476593017578,146.1809539794922,143.089599609375
44.942,-588.5999755859375,8508.1953125,1.9638854265213013,147.3719482421875,146.21340942382812,148.09071350097656,146.92393493652344
45.042,-588.5999755859375,8511.7763671875,2.0523452758789062,147.1045379638672,146.85501098632812,147.4451904296875,147.1952667236328
45.142,-588.5999755859375,8515.109375,2.1344640254974365,148.38284301757812,145.23387145996094,149.0969696044922,145.8863067626953
45.242,-588.5999755859375,8518.205078125,2.2076945304870605,149.38424682617188,145.33949279785156,149.01168823242188,144.8645782470703
45.342,-588.5999755859375,8521.23046875,2.2739217281341553,144.95919799804688,143.5784912109375,150.7273712158203,149.33493041992188
45.442,-588.5999755859375,8524.01171875,2.333911180496216,148.99398803710938,144.7729949951172,149.58279418945312,145.25021362304688
45.542,-588.5999755859375,8526.736328125,2.3889575004577637,148.79183959960938,145.48983764648438,148.84410095214844,145.47422790527344
45.642,-588.5999755859375,8529.1826171875,2.4400217533111572,148.5055389404297,146.56759643554688,147.74398803710938,145.78286743164062
45.742,-588.5999755859375,8531.1650390625,2.4864091873168945,145.64529418945312,146.29583740234375,148.0054473876953,148.65341186523438
45.842,-588.5999755859375,8532.6767578125,2.528766393661499,147.51930236816406,144.7742462158203,149.54913330078125,146.75730895996094
45.942,-588.5999755859375,8533.6201171875,2.566969871520996,147.79441833496094,146.58370971679688,147.72079467773438,146.50106811523438
46.042,-588.5999755859375,8534.05859375,2.6006691455841064,151.59912109375,144.84176635742188,149.60357666015625,142.5555419921875
46.142,-588.5999755859375,8534.03125,2.6300485134124756,144.3828582763672,144.5835723876953,149.716552734375,149.91702270507812
46.242,-588.5999755859375,8533.61328125,2.6555216312408447,147.916015625,146.93113708496094,147.37184143066406,146.38101196289062
46.342,-588.5999755859375,8532.9111328125,2.6777384281158447,147.9825897216797,144.92782592773438,149.40118408203125,146.2884063720703
46.442,-588.5999755859375,8532.08203125,2.696986675262451,147.7615203857422,145.40919494628906,148.90792846679688,146.52134704589844
46.542,-588.5999755859375,8531.1630859375,2.7138519287109375,148.47886657714844,147.14337158203125,147.162109375,145.81565856933594
46.642,-588.5999755859375,8530.126953125,2.7282023429870605,148.6305389404297,146.4055938720703,147.9097137451172,145.65414428710938
46.742,-588.5999755859375,8528.8837890625,2.7401509284973145,144.65171813964844,145.5369415283203,148.76544189453125,149.64590454101562
46.842,-588.5999755859375,8527.3701171875,2.749844789505005,147.94151306152344,148.2729949951172,146.02734375,146.358154296875
46.942,-588.5999755859375,8525.693359375,2.757391929626465,148.38072204589844,146.23281860351562,148.08145141601562,145.905029296875
47.042,-588.5999755859375,8523.7998046875,2.7628533840179443,148.2012176513672,146.70718383789062,147.5996856689453,146.0919189453125
47.142,-588.5999755859375,8521.7958984375,2.7662789821624756,146.55360412597656,148.36740112304688,145.94253540039062,147.73646545410156
47.242,-588.5999755859375,8519.755859375,2.767601728439331,148.75494384765625,146.16200256347656,148.15882873535156,145.5242156982422
47.342,-588.5999755859375,8517.8154296875,2.767010450363159,147.84007263183594,145.8686981201172,148.4433135986328,146.4479217529297
47.442,-588.5999755859375,8515.9482421875,2.7645909786224365,148.3745880126953,146.01934814453125,148.29782104492188,145.9082489013672
47.542,-588.5999755859375,8513.9912109375,2.760235548019409,148.37136840820312,145.2088165283203,149.12228393554688,145.89752197265625
47.642,-588.5999755859375,8511.8857421875,2.75374436378479,145.144775390625,147.44857788085938,146.8673858642578,149.13926696777344
47.742,-588.5999755859375,8509.5654296875,2.744983434677124,148.45065307617188,146.822265625,147.48590087890625,145.8411865234375
47.842,-588.5999755859375,8507.05078125,2.7340779304504395,147.95509338378906,146.4886016845703,147.81800842285156,146.33828735351562
47.942,-588.5999755859375,8504.35546875,2.721230983734131,148.02166748046875,146.16481018066406,148.1458282470703,146.2677001953125
48.042,-588.5999755859375,8501.5048828125,2.706627130508423,148.74398803710938,146.7696990966797,147.54232788085938,145.5439910888672
48.142,-588.5999755859375,8498.5595703125,2.690218210220337,148.4615478515625,145.1387939453125,149.19558715820312,145.8040771484375
48.242,-588.5999755859375,8495.56640625,2.671633005142212,142.8136749267578,149.31430053710938,145.10972595214844,151.3623046875
48.342,-588.5999755859375,8492.5771484375,2.651333808898926,148.0780792236328,145.7356719970703,148.58131408691406,146.20494079589844
48.442,-588.5999755859375,8489.5966796875,2.6281230449676514,147.51649475097656,146.29710388183594,148.00746154785156,146.7789306640625
48.542,-588.5999755859375,8486.583984375,2.601529836654663,147.82644653320312,144.27748107910156,150.06178283691406,146.4342803955078
48.642,-588.5999755859375,8483.4658203125,2.5716030597686768,147.04725646972656,146.7056884765625,147.59466552734375,147.25238037109375
48.742,-588.5999755859375,8480.20703125,2.5385072231292725,147.41827392578125,145.8921356201172,148.4150390625,146.8745574951172
48.842,-588.5999755859375,8476.6923828125,2.501678228378296,147.8325653076172,146.02174377441406,148.2883758544922,146.4573211669922
48.942,-588.5999755859375,8472.900390625,2.4616878032684326,147.4899444580078,147.01051330566406,147.29019165039062,146.80935668945312
49.042,-588.5999755859375,8468.84765625,2.4190051555633545,147.6648712158203,141.95042419433594,152.4528045654297,146.53187561035156
49.142,-588.5999755859375,8464.5751953125,2.3729474544525146,147.24710083007812,147.0230255126953,147.27713012695312,147.05274963378906
49.242,-588.5999755859375,8460.3955078125,2.323944568634033,146.8052215576172,147.6959228515625,146.60647583007812,147.49237060546875
49.342,-588.5999755859375,8456.3818359375,2.2701163291931152,148.0031280517578,146.98898315429688,147.3141632080078,146.29371643066406
49.442,-588.5999755859375,8452.5849609375,2.2107064723968506,148.01113891601562,145.2315216064453,149.09246826171875,146.264892578125
49.542,-588.5999755859375,8448.9736328125,2.1450881958007812,146.88710021972656,147.4273223876953,146.87356567382812,147.41201782226562
49.642,-588.5999755859375,8445.3349609375,2.07222318649292,147.86045837402344,145.8998260498047,148.41204833984375,146.42767333984375
49.742,-588.5999755859375,8441.70703125,1.9909617900848389,148.01438903808594,146.2570037841797,148.05252075195312,146.27609252929688
49.842,-588.5999755859375,8438.1552734375,1.9034950733184814,147.8132781982422,147.81362915039062,146.4863739013672,146.48672485351562
49.942,-588.5999755859375,8434.787109375,1.8089885711669922,147.30999755859375,147.09230041503906,147.2078399658203,146.98985290527344
50.042,-588.5999755859375,8431.58203125,1.7152986526489258,149.02113342285156,142.3281707763672,152.11434936523438,145.1363525390625
50.142,-588.5999755859375,8428.6337890625,1.623050332069397,147.2749786376953,146.1274871826172,148.1765594482422,147.02098083496094
50.242,-588.5999755859375,8425.88671875,1.6232354640960693,148.9935302734375,145.2902374267578,149.0525665283203,145.26365661621094
50.342,-588.5999755859375,8423.5595703125,1.6230523586273193,147.4727783203125,145.57310485839844,148.738037109375,146.8160858154297
50.442,-588.5999755859375,8421.5126953125,1.6227684020996094,144.91168212890625,150.1292266845703,144.2512664794922,149.30783081054688
50.542,-588.5999755859375,8420.001953125,1.622502326965332,148.33523559570312,145.8516387939453,148.46746826171875,145.94566345214844
50.642,-588.5999755859375,8418.708984375,1.622188687324524,146.83432006835938,146.26019287109375,148.0408172607422,147.46466064453125
50.742,-588.5999755859375,8417.568359375,1.6220201253890991,146.0883026123047,148.7081756591797,145.61244201660156,148.1910858154297
50.842,-588.5999755859375,8416.59375,1.621935486793518,147.83251953125,146.429443359375,147.87661743164062,146.46142578125
50.942,-588.5999755859375,8415.75390625,1.6220073699951172,146.86195373535156,146.88784790039062,147.4121551513672,147.43804931640625
51.042,-588.5999755859375,8415.076171875,1.6222172975540161,146.863037109375,148.08518981933594,146.21932983398438,147.4324493408203
51.142,-588.5999755859375,8414.56640625,1.6225229501724243,147.62234497070312,147.0457000732422,147.25531005859375,146.6766357421875
51.242,-588.5999755859375,8414.2548828125,1.6227436065673828,147.19679260253906,147.00320434570312,147.29690551757812,147.10308837890625
51.342,-588.5999755859375,8414.12890625,1.6229952573776245,147.1464385986328,147.59132385253906,146.7092742919922,147.15296936035156
51.442,-588.5999755859375,8414.193359375,1.6231563091278076,147.44761657714844,147.22653198242188,147.0736083984375,146.85223388671875
51.542,-588.5999755859375,8414.4326171875,1.6231064796447754,147.0529327392578,146.9883270263672,147.3116912841797,147.24705505371094
51.642,-588.5999755859375,8414.82421875,1.622947335243225,146.83033752441406,147.17332458496094,147.1270294189453,147.46929931640625
51.742,-588.5999755859375,8415.3212890625,1.622721791267395,147.09083557128906,147.33920288085938,146.9609832763672,147.208984375
51.842,-588.5999755859375,8415.84765625,1.6223751306533813,146.9058380126953,146.9757080078125,147.32431030273438,147.39414978027344
51.942,-588.5999755859375,8416.3876953125,1.6220921277999878,146.90684509277344,146.94378662109375,147.35621643066406,147.3931427001953
52.042,-588.5999755859375,8416.9111328125,1.6219009160995483,147.0525360107422,147.17752075195312,147.12252807617188,147.24742126464844
52.142,-588.5999755859375,8417.3857421875,1.6218010187149048,147.34906005859375,146.91482543945312,147.38575744628906,146.9503631591797
52.242,-588.5999755859375,8417.833984375,1.6218804121017456,147.02200317382812,147.17005920410156,147.1300048828125,147.27792358398438
52.342,-588.5999755859375,8418.283203125,1.6221665143966675,147.41204833984375,147.4010467529297,146.89895629882812,146.88795471191406
52.442,-588.5999755859375,8418.74609375,1.6224255561828613,147.38897705078125,147.3511962890625,146.9488067626953,146.91102600097656
52.542,-588.5999755859375,8419.2158203125,1.6226831674575806,147.31314086914062,147.10154724121094,147.19859313964844,146.98672485351562
52.642,-588.5999755859375,8419.673828125,1.6229361295700073,147.14541625976562,147.34873962402344,146.95138549804688,147.1544647216797
52.742,-588.5999755859375,8420.0791015625,1.6230381727218628,147.5994415283203,147.1156005859375,147.18511962890625,146.69984436035156
52.842,-588.5999755859375,8420.4189453125,1.6229697465896606,146.9995574951172,147.04701232910156,147.2530059814453,147.30043029785156
52.942,-588.5999755859375,8420.6669921875,1.622855544090271,146.9773406982422,147.1287841796875,147.17129516601562,147.3225860595703
53.042,-588.5999755859375,8420.751953125,1.6225789785385132,146.9200439453125,147.17330932617188,147.1268768310547,147.3797607421875
53.142,-588.5999755859375,8420.623046875,1.622294306755066,147.19032287597656,146.88319396972656,147.41708374023438,147.10939025878906
53.242,-588.5999755859375,8420.2236328125,1.6220133304595947,146.76470947265625,147.1259307861328,147.17446899414062,147.53489685058594
53.342,-588.5999755859375,8419.509765625,1.6217811107635498,147.5546112060547,146.63919067382812,147.6633758544922,146.74281311035156
53.442,-588.5999755859375,8418.515625,1.621739149093628,146.99435424804688,147.2538299560547,147.04638671875,147.30543518066406
53.542,-588.5999755859375,8417.3251953125,1.6219593286514282,146.99591064453125,147.35752868652344,146.94287109375,147.30368041992188
53.642,-588.5999755859375,8416.0205078125,1.6221014261245728,147.38706970214844,147.2264404296875,147.07363891601562,146.91285705566406
53.742,-588.5999755859375,8414.6953125,1.6223547458648682,147.47898864746094,147.24642944335938,147.05372619628906,146.8208465576172
53.842,-588.5999755859375,8413.3974609375,1.622671127319336,147.26478576660156,147.4386749267578,146.86141967773438,147.0351104736328
53.942,-588.5999755859375,8412.1279296875,1.6228282451629639,147.61410522460938,147.0016632080078,147.2994842529297,146.6847381591797
54.042,-588.5999755859375,8410.880859375,1.6229435205459595,147.01475524902344,147.2902069091797,147.01002502441406,147.28500366210938
54.142,-588.5999755859375,8409.6376953125,1.6229506731033325,147.06021118164062,147.17959594726562,147.12045288085938,147.23974609375
54.242,-588.5999755859375,8408.3720703125,1.622761607170105,147.04283142089844,147.09994506835938,147.2000732421875,147.25717163085938
54.342,-588.5999755859375,8407.072265625,1.6224284172058105,147.0629425048828,147.08868408203125,147.21131896972656,147.23704528808594
54.442,-588.5999755859375,8405.7197265625,1.646535038948059,142.9717559814453,142.82122802734375,151.4788360595703,151.3281707763672
54.542,-588.5999755859375,8404.2587890625,1.7071433067321777,145.93991088867188,147.93368530273438,146.3782958984375,148.34811401367188
54.642,-588.5999755859375,8402.69921875,1.7919902801513672,146.7124481201172,149.01434326171875,145.30160522460938,147.5716094970703
54.742,-588.5999755859375,8401.103515625,1.8852938413619995,149.14154052734375,147.88494873046875,146.41990661621094,145.1536102294922
54.842,-588.5999755859375,8399.654296875,1.9738409519195557,144.92340087890625,146.86607360839844,147.4453125,149.36521911621094
54.942,-588.5999755859375,8398.384765625,2.053922414779663,144.77978515625,147.9420166015625,146.38790893554688,149.4902801513672
55.042,-588.5999755859375,8397.6611328125,2.1263022422790527,150.4373016357422,146.76954650878906,147.5724334716797,143.82070922851562
55.142,-588.5999755859375,8397.1376953125,2.1927459239959717,145.14874267578125,148.96575927734375,145.377685546875,149.10781860351562
55.242,-588.5999755859375,8396.8525390625,2.2532992362976074,144.3547821044922,146.09376525878906,148.21536254882812,149.9360809326172
55.342,-588.5999755859375,8396.9814453125,2.3112423419952393,148.0456085205078,148.25253295898438,146.047607421875,146.2542724609375
55.442,-588.5999755859375,8397.2099609375,2.3651673793792725,145.4215087890625,149.1204071044922,145.2204132080078,148.83766174316406
55.542,-588.5999755859375,8397.6318359375,2.415175676345825,149.7010040283203,147.45924377441406,146.85630798339844,144.5834503173828
55.642,-588.5999755859375,8398.1259765625,2.4614548683166504,143.91424560546875,151.59178161621094,142.88006591796875,150.2139129638672
55.742,-588.5999755859375,8398.9208984375,2.503225326538086,144.8440399169922,147.78253173828125,146.54335021972656,149.43008422851562
55.842,-588.5999755859375,8399.88671875,2.540341377258301,142.68386840820312,148.78428649902344,145.6251983642578,151.5066375732422
55.942,-588.5999755859375,8401.0771484375,2.573479175567627,148.12611389160156,147.66949462890625,146.6311492919922,146.17324829101562
56.042,-588.5999755859375,8402.556640625,2.602731704711914,145.79669189453125,148.39337158203125,145.92686462402344,148.48306274414062
56.142,-588.5999755859375,8404.2548828125,2.6285483837127686,142.9115447998047,146.92514038085938,147.42283630371094,151.34048461914062
56.242,-588.5999755859375,8406.169921875,2.6516942977905273,149.88253784179688,147.79750061035156,146.51593017578125,144.40402221679688
56.342,-588.5999755859375,8408.1025390625,2.6513707637786865,146.32664489746094,147.74212646484375,146.56393432617188,147.96730041503906
56.442,-588.5999755859375,8410.0087890625,2.6510813236236572,146.7897186279297,146.66921997070312,147.63082885742188,147.51022338867188
56.542,-588.5999755859375,8411.8193359375,2.6509361267089844,147.2237548828125,147.1107940673828,147.1892547607422,147.07620239257812
56.642,-588.5999755859375,8413.46484375,2.6509017944335938,147.2874298095703,147.4042205810547,146.89581298828125,147.0125274658203
56.742,-588.5999755859375,8414.9580078125,2.650984048843384,147.13131713867188,146.92501831054688,147.3751220703125,147.16854858398438
56.842,-588.5999755859375,8416.3154296875,2.651139497756958,147.58180236816406,146.86126708984375,147.44032287597656,146.71661376953125
