time,c,k
9.856,1618.7762537362403,1513.3799021198897
9.866,1854.2694237619517,-24371.818303194068
9.876,1784.5288398717826,-16719.944051859224
9.886,1722.0714369479804,-9851.26954370389
9.896,1668.9272772872716,-4019.7212110542196
9.906,1625.788037854837,721.452427173688
9.916,1591.9696649752157,4426.39626265462
9.926,1566.430614189845,7245.386094198049
9.936,1547.3400073019434,9329.222938918767
9.946,1533.4301993273648,10862.724080241074
9.956,1523.4234203608264,11961.66384478903
9.966,1516.2558100389697,12749.73476094907
9.975999999999999,1511.1378213137887,13309.460154338563
9.986,1507.5763791915924,13706.944593230099
9.996,1505.008491111997,13983.308365528437
10.006,1503.1690200258147,14182.95418830545
10.016,1501.9698888611897,14322.281377211444
10.026,1501.0541478065225,14415.50629123991
10.036,1500.4563399165265,14487.300428726207
10.046,1500.0439946368474,14532.117185186798
10.056,1499.7445695369668,14565.685546233806
10.066,1499.4559010479156,14588.852823255742
10.076,1499.416974761417,14609.464944316374
10.086,1499.325505021469,14614.440560685685
10.096,1499.3403724656005,14628.242673576802
10.106,1499.3208671367843,14629.460756915698
10.116,1499.3161335926395,14635.385759574525
10.126,1499.2662902214288,14636.497884678276
10.136,1499.7306475970322,14643.801423513678
10.146,1500.367746717455,14637.5053617441
10.156,1500.7196130488123,14645.302413809464
10.166,1500.7423251377643,14643.182906535396
10.176,1500.6039495343352,14643.185956349433
10.186,1049.5485027131351,14369.504090116601
10.196,427.2222213734141,13607.869124803223
10.206,125.24555485274946,13531.985114482339
10.216,29.633092337404968,14075.698034064932
10.226,72.51475330464925,15315.028415027075
10.236,213.1801883822598,16884.46289816244
10.246,296.58375061732727,17596.28730950707
10.256,334.31857333231113,17857.14529186025
10.266,242.79072929273516,17331.52823141243
10.276,127.49930062532636,16783.992565182718
10.286,123.32350100255059,16770.36401270162
10.296,71.97131811932185,16666.84127972039
10.306,14.60068577652619,16615.133458359636
10.316,-10.093328137613,16624.576796833036
10.326,-56.012985749255755,16684.66731563015
10.336,-101.77628754556665,16773.427179995862
10.346,-146.23385134704972,16864.0912636738
10.356,-188.5930642368838,16871.71864895881
10.366,-190.85610111188387,16384.662463398567
10.376,-53.34155040312238,14592.988974964523
10.386,146.2176531254167,12556.843253462572
10.396,244.80280568917695,11667.344109188376
10.406,241.81684248999164,11691.595648559445
10.416,321.4708443234826,11136.563464029918
10.426,256.1392734106856,11523.53623648834
10.436,230.3604751744528,11642.663852400845
10.446,72.38357611475,12268.07568891536
10.456,92.6178103386153,12222.53565054079
10.466,41.552678475260706,12274.104734829682
10.475999999999999,-12.512714130058836,12269.451479335305
10.486,-64.89923323187413,12216.948403783059
10.496,-117.32320114680907,12133.368918050031
10.506,-171.28278538056685,12058.6933006779
10.516,-212.84563216197472,12104.562121791443
10.526,-210.5819144182175,12617.961060264292
10.536,-79.16539022090225,14282.254955442035
10.546,172.54693792238382,16732.892514029092
10.556000000000001,316.830472664772,17966.22821681415
10.566,290.22813783493797,17762.51158150122
10.576,268.95819318670016,17621.15968529062
10.586,156.15475181705628,16969.022760109037
10.596,117.64418061364458,16789.974237253802
10.606,70.23949605852862,16622.375848285796
10.616,26.838955277168864,16516.99551666261
10.626,-7.9401007648997695,16471.12359805807
10.636,-42.63637821429401,16460.819057960645
10.646,-85.9513252542817,16481.029048192315
10.656,-133.63623674438,16519.558918409042
10.666,-177.59001041704946,16536.10190768862
10.676,-207.81570384338522,16466.527776850446
10.686,-198.21967990980062,16009.707802494366
10.696,-78.9019257498646,14761.743944922082
10.706,157.0427434870023,12863.91262456998
10.716,258.91380013179497,12142.384900057657
10.725999999999999,263.6776234975154,12112.347387651029
10.736,260.1273575053334,12131.731115575829
10.746,230.86668367146677,12264.891842308447
10.756,171.22167084733223,12481.657369120534
10.766,118.14691196124492,12623.181431466306
10.776,81.06988502471685,12682.927118325546
10.786,37.82637823233143,12708.9585596382
10.796,-5.098297171763928,12693.39553159797
10.806000000000001,-64.85625943914926,12631.451602755926
10.816,-123.2354352034026,12549.694546845953
10.826,-180.2171779586938,12499.501331843945
10.836,-215.99455538494502,12611.20513752801
10.846,-191.3533328266519,13194.158523800648
10.856,-41.071597646478146,14626.05140156493
10.866,91.9318087071494,15683.201550798874
10.876,499.3804124894879,18400.01480954748
10.886,288.13302523370896,17104.66508691504
10.896,233.81712441727933,16815.742366407663
10.906,157.8200904279237,16472.670783166777
10.916,108.9239327090924,16296.093691927299
10.926,48.500381994620604,16128.766498378287
10.936,7.787241902389042,16052.218852184624
10.946,-32.27033511541333,16009.682017840763
10.956,-62.362958883600314,16001.738858284141
10.966,-93.56918247941309,16014.412926332112
10.975999999999999,-125.61877901695452,16043.437765281382
10.986,-180.65215894697783,16050.670717621524
10.996,-58.536984422239996,15704.341131761406
11.006,973.490579358476,10165.626044994531
11.016,422.7969568442726,13460.330982998068
11.026,139.23878007198465,14708.619280170082
11.036,119.39319803633202,13449.318424479023
11.046,323.1115854889932,10159.332125439842
11.056,475.3807578864835,8230.583616456908
11.066,467.1319863808016,8320.25335818784
11.076,368.8758792201874,9229.32201634223
11.086,264.7119090943271,10013.246843887628
11.096,174.54778615606364,10524.98609461214
11.106,94.60671866452267,10829.496687112856
11.116,32.087707818208344,10949.669734486426
11.126,-20.732719137113126,10956.19131636864
11.136,-70.84502929834707,10885.96811552198
11.146,-121.12279477122952,10765.766595628413
11.156,-171.02262073044486,10653.382788568684
11.166,-212.33197601529872,10726.375949479207
11.176,-212.8963474020592,11480.461741905528
11.186,-107.0350182630877,13756.000049033104
11.196,110.61392410270516,17272.110193392724
11.206,188.30862474597552,18388.814777563493
11.216,408.5385546611082,21122.644101098325
11.226,247.9676620239572,19323.328892364003
11.236,203.02445493251406,18895.745062512266
11.246,186.49254767291055,18771.309523304782
11.256,60.16322833827456,17970.73908885356
11.266,86.88991302914845,18072.26822567855
11.276,37.01471738012833,17973.04242912562
11.286,-7.930507158718014,17961.17899069803
11.296,-53.719854499833346,18016.59362606506
11.306,-102.84125434368245,18123.91782474381
11.316,-81.34294242615563,18020.23965259934
11.326,-78.18311812318566,15753.670140028531
11.336,-76.47664754104791,15877.699198038274
11.346,11.68455119725631,13948.454523794579
11.356,196.02620553513842,11073.612358874498
11.366,318.74724875250183,9423.86537134686
11.376,320.25093037562743,9405.90461687886
11.386,275.2673360028916,9877.948570421038
11.396,235.9008279310226,10227.430009591013
11.406,174.70279156036705,10669.841937218558
11.416,122.07569897941463,10957.497686287537
11.426,72.01183008046954,11141.259660434427
11.436,90.98235097552543,11117.925483805651
11.446,-79.9353847446508,11511.644121954814
11.456,-28.250673811637512,11576.846160845354
11.466,-91.96167744928513,11441.950312038134
11.475999999999999,-151.60843887440228,11318.540329654146
11.486,-199.62003967221207,11364.558086773684
11.496,-204.61311673919727,11998.926633437855
11.506,-98.1324037613569,13983.890537418909
11.516,115.91134681123356,16941.71343015108
11.526,270.26448623370624,18797.949406093692
11.536,301.97832607726156,19137.41324182343
11.546,275.6009519369819,18890.037117530526
11.556000000000001,209.19275183081874,18357.31799684959
11.566,182.77553744529473,18188.84811423824
11.576,95.18481581668827,17749.372459297218
11.586,6.92725900864291,17402.494133328368
11.596,48.36807257528054,17466.79213095543
11.606,-4.5369651080194355,17457.65529179221
11.616,-56.07332304175535,17508.69380517212
11.626,-108.63419872960333,17599.37557501622
11.636,-161.51029516622503,17679.604322352257
11.646,-204.7429888341403,17586.668225962356
11.656,-201.3427551684068,16891.44672376993
11.666,-84.0220642509804,14943.980829657505
11.676,135.56418160315846,12179.478311867024
11.686,270.4640938456855,10695.58993115683
11.696,261.69373184012466,10782.177542427642
11.706,305.59968847261666,10409.063205624834
11.716,209.46007623216994,11116.334705888585
11.725999999999999,164.08389231005154,11386.658506964228
11.736,165.01973658766508,11382.708336960615
11.746,9.804161187377991,11959.991597989385
11.756,48.10184381502,11903.344380904895
11.766,-9.243192178181669,11915.122421712762
11.776,149.40071978664722,12347.648424672134
11.786,417.7429227192253,13900.425743849626
11.796,149.9948951019175,12085.12931470993
11.806000000000001,-44.46960564541335,11101.35329921358
11.816,-113.29150651303489,11671.254565999156
11.826,-31.80369917806905,14620.779892698494
11.836,259.48658475426623,20607.90580987249
11.846,349.8236798277215,22186.144341608386
11.856,278.33354114211687,21087.019153124227
11.866,205.44349813932592,20121.474430465576
11.876,157.38435975645012,19597.954774056976
11.886,129.23442679369046,19364.82258034742
11.896,99.88036381431388,19201.13778744165
11.906,38.44829771638399,19000.901721643753
11.916,60.04937112428188,18996.570401708035
11.926,-102.91515706977422,18537.48061022883
11.936,-41.45233818960073,18352.097923724068
11.946,-16.81404445957769,18189.640661565434
11.956,-120.11160607808722,17993.07502437737
11.966,-77.54465589170856,15555.99676132307
11.975999999999999,-81.25256536003842,15753.893145059576
11.986,70.98792263496026,12214.524064983532
11.996,244.74604840196778,8902.91961923752
12.006,324.93475339559234,7557.483263150945
12.016,303.56419239932626,7874.543829021763
12.026,256.94670855827275,8470.074092662398
12.036,202.29156173971288,9045.514792139971
12.046,135.6127349302938,9595.254590262124
12.056,83.0442360097005,9900.909200829483
12.066,39.1898176186733,10045.879328512277
12.076,63.45777725727767,10049.517443624538
12.086,-102.80270142238761,10520.311966124995
12.096,-50.0728873639578,10667.078136308974
12.106,-111.9945326983267,10459.862056483362
12.116,-167.4700350135363,10388.751564010698
12.126,-192.2999874259474,10906.917019207849
12.136,-193.9768060194354,11214.435407665958
12.146,410.13472089654874,22782.20168660378
12.156,241.7694127060757,19708.232726012317
12.166,468.0350815299072,23172.36919473726
12.176,362.2076074908325,21750.77041843858
12.186,221.00216743247086,20110.219780112533
12.196,132.1145342195033,19262.29516619921
12.206,66.76525538294194,18783.399045396516
12.216,17.759398201197143,18536.165135611125
12.226,-21.694250939050995,18426.29012960477
12.236,-48.179213784830175,18413.223363355246
12.246,-2.128717390145447,18279.977226599993
12.256,-137.80334598136398,17760.858726129085
12.266,-75.77237663514641,17538.103475294618
12.276,-126.20382944433045,17621.00600992706
12.286,-149.36306457822675,17261.95844255121
12.296,-96.2326924523949,15618.261846181413
12.306,94.58883909618208,12008.802993453251
12.316,270.33112641278564,9172.268337881947
12.326,295.3188154186366,8811.109319563244
12.336,274.82057174318385,9073.401563855894
12.346,235.99143672265348,9500.563779412161
12.356,184.93942635162517,9963.680945263253
12.366,135.93158484301838,10306.574759147863
12.376,85.91664963672798,10550.246134778574
12.386,41.31169940325344,10671.178872240995
12.396,-4.866669946006308,10702.25942080938
12.406,-55.298399434032824,10648.408906201386
12.416,-109.78962407157022,10524.992862021098
12.426,-164.8934720626201,10389.551132997467
12.436,-213.65004846709581,10416.562147130822
12.446,-225.18528140769934,11077.39948184826
12.456,-135.24544359720952,13242.20879715732
12.466,71.34842129507169,16764.339733929082
12.475999999999999,180.93479583492874,18403.318538356063
12.486,440.2002936981137,21727.715607521826
12.496,265.17958079766134,19700.627348405073
12.506,227.29815199545496,19331.394329146435
12.516,115.2570302952926,18405.80604370194
12.526,107.38013296191417,18358.457701102932
12.536,60.4294759966556,18168.856596944563
12.546,19.232468224429017,18083.681686621305
12.556000000000001,-18.24114852181164,18077.421407026846
12.566,-56.2981421884142,18135.68198369613
12.576,-13.147256183161481,17942.586635781867
12.586,-139.2680952786718,18076.956815271937
12.596,-155.04814910013917,16936.55592051869
12.606,-146.16369222507737,17064.899941831147
12.616,-83.487707115205,15352.558570951252
12.626,109.37193572475516,12050.520480556448
12.636,281.8304711541118,9532.984446090812
12.646,315.43611091919263,9095.521702726479
12.656,287.3708915415434,9418.345810577412
12.666,245.21532356801683,9833.475014845893
12.676,183.2662221242245,10336.019720887763
12.686,121.43820184911837,10725.707737314511
12.696,71.75529240020845,10944.142388633567
12.706,25.391069828666236,11060.667458772885
12.716,-20.370400051725614,11094.924131990552
12.725999999999999,-63.06160330118953,11057.738073591969
12.736,-111.70740456645885,10958.329960533294
12.746,-167.97063939118578,10837.976050789594
12.756,-216.2098647136941,10860.728517345546
12.766,-228.46007258432834,11437.52294484296
12.776,-134.51876709062435,13433.34111843444
12.786,-31.443984516140567,15087.877112311566
12.796,481.37593434668764,21611.18216709233
12.806000000000001,269.9696467657828,19113.192527129075
12.816,303.4872745687837,19451.82565280723
12.826,191.70255331022202,18473.69376497757
12.836,134.96144345628412,18069.56423383799
12.846,93.19490986985357,17845.34370174699
12.856,59.33952193689463,17725.51337349097
12.866,23.41457926345331,17662.50102864478
12.876,-22.458422892893996,17653.58379898901
12.886,-64.80311559199802,17704.328012817794
12.896,-24.412484955548642,17551.76963422003
12.906,-143.92976167637545,17616.11834006538
12.916,-156.65407025838596,16637.309453654678
12.926,-149.92785798239052,16749.895086331446
12.936,-67.12584219527687,14978.953134125833
12.946,147.856248116179,11885.120524924845
12.956,289.08662355523046,10128.888364137529
12.966,307.18979725076935,9928.327041199203
12.975999999999999,270.80053808967426,10283.6339197983
12.986,234.52150791600292,10584.615562523159
12.996,187.38325728779674,10901.109367047662
13.006,129.39313051543832,11196.324827565604
13.016,127.6608338664681,11201.544200896396
13.026,-39.511511718331164,11720.609369743699
13.036,11.8810476565965,11713.585717004367
13.046,-47.12349692941239,11649.222044540791
13.056,-107.16055704134965,11541.358719254364
13.066,-163.42723978745025,11457.28344540385
13.076,-205.62786380039793,11537.332202296642
13.086,-204.033483530282,12198.543772091683
13.096,-95.09403860893664,14051.152963093795
13.106,125.28572636302057,16869.798929025874
13.116,302.54424475309065,18835.67336946836
13.126,311.05915873777485,18919.715270172703
13.136,260.0768612035811,18479.410410739372
13.146,635.9156193018459,20808.645079977625
13.156,414.20093817825085,19918.69283603917
13.166,136.68211107289156,19117.572699612396
13.176,-14.573030062190204,18765.27082920539
13.186,-102.13913822706719,18551.477297036432
13.196,-159.89103967361686,18268.70475823004
13.206,-189.35779336740248,17685.917674663597
13.216,-169.0063945496009,16403.11693665767
13.226,-63.790133378366384,14037.723535958441
13.236,21.9184241826771,12526.787874141322
13.246,265.159256978498,9098.903193997348
13.256,239.35909874320234,9415.791605855486
13.266,175.09867952453965,10095.081580534574
13.276,147.24825048000892,10333.599173032037
13.286,108.98609977715955,10583.087112798255
13.296,67.88345780216719,10766.076685957663
13.306,94.78530172427672,10721.468473655697
13.316,-74.83159071315333,11182.368529847732
13.326,-17.10131029572439,11259.556184336201
13.336,0.5589641202058393,11332.56016497443
13.346,-99.33351590387824,12371.633475146886
13.356,-77.20592882062343,12372.108568330588
13.366,-91.06145191302178,12978.989081477555
13.376,-5.231974508201085,14948.693193954703
13.386,179.64450298539253,17945.518576807583
13.396,310.58656666446274,19777.366049897908
13.406,320.2435271213348,19897.490461319485
13.416,271.635512535539,19365.44791337203
13.426,207.26261199141112,18761.912540843827
13.436,150.00190839957222,18321.711560198994
13.446,112.63249583150777,18104.358999286662
13.456,137.27163632650723,18187.885017687637
13.466,-27.171809426424083,17633.972837096444
13.475999999999999,25.846816592363805,17643.345901931116
13.486,-31.876584235123886,17711.46806337727
13.496,-88.03097387974708,17826.93891980708
13.506,-143.30349273476256,17928.539567537868
13.516,-187.52669581191978,17838.0221418083
13.526,-188.18240373027587,17092.924117899238
13.536,-167.3959598401685,16472.142604098004
13.546,427.1610398693679,7994.4427191006325
13.556000000000001,275.6596130337755,10001.096977137588
13.566,291.96804447329947,9811.458711541842
13.576,261.2817516467964,10121.957487382224
13.586,217.06927697601577,10499.538609289797
13.596,201.52270162910625,10603.39196804549
13.606,105.17039147903026,11105.536781038092
13.616,4.6226747971363125,11519.684914453977
13.626,42.88885004230846,11461.267451947802
13.636,-15.027151715830009,11464.758547895804
13.646,-71.51606439604379,11400.05215803158
13.656,-51.16742732041626,11471.11364186188
13.666,-127.7584048079383,12571.020774230374
13.676,-113.36103517332252,12534.156732397036
13.686,-105.78665757040581,13301.553570517839
13.696,15.460331205590236,15300.763499085044
13.706,207.3224295555255,17749.02473198663
13.716,307.5763727049371,18867.67476650285
13.725999999999999,303.8254232288531,18830.59140315666
13.736,248.2029765111771,18350.985771433025
13.746,198.65664978053212,17993.82782316383
13.756,72.61840150911156,17214.83994588564
13.766,70.202656829238,17204.187191477024
13.776,27.56774089964148,17079.508448801505
13.786,-11.506682174213482,17021.437590726928
13.796,-53.04230653843179,17012.339319213686
13.806000000000001,-6.331659176308559,16919.36323940524
13.816,-132.38921216861584,16446.99036290583
13.826,-86.08209482806025,16374.858851624464
13.836,-128.9592250867672,16294.492679516523
13.846,-126.11348506902209,15757.671042708032
13.856,-25.656863434162553,14286.02992610688
13.866,157.21388211582,12249.295042227868
13.876,196.3072966798455,11860.7429977153
13.886,391.1247642314949,10192.13006023689
13.896,234.17341456116978,11410.499190454006
13.906,214.11018870342465,11541.793511114858
13.916,209.94807926178262,11563.135474097015
13.926,114.78583790096133,11942.306582592231
13.936,4.99007948541065,12292.710111372695
13.946,33.92226889815878,12255.124178065395
13.956,-23.539919487627984,12267.593903042956
13.966,-75.71017622547332,12231.662228323501
13.975999999999999,-21.806460010717014,12381.759719058942
13.986,577.3564930310001,16195.883666331898
13.996,253.49359004328826,13808.149604728476
14.006,20.474993216618998,12516.62967428237
14.016,-37.22913224252762,13319.663089316218
14.026,89.92136711263856,16683.779067583393
14.036,395.6405661926905,22129.89912516977
14.046,402.4645818914037,22235.23814368458
14.056,301.8676828334016,20877.911767082238
14.066,211.01199210722888,19837.49782694771
14.076,150.58189191662484,19283.634762443926
14.086,112.33362828759381,19030.128164907062
14.096,52.697048425589564,18773.129042466175
14.106,73.826566162182,18794.577286906388
14.116,-94.48235934596363,18295.791145922743
14.126,-36.67080603033498,18175.840908960596
14.136,-87.13716275637458,18342.54050149646
14.146,-136.04943345036648,18503.473442950668
14.156,-177.5709936265748,18466.558191260556
14.166,-183.40964646983906,17740.847226752787
14.176,-76.36458640236329,14980.88097666504
14.186,150.7656862507665,10620.756992801511
14.196,226.86436852397097,9325.270180177955
14.206,384.6127501062603,6997.080758429559
14.216,234.9008087330292,8983.342172211063
14.226,217.40784080107395,9176.21154132443
14.236,164.10360104971144,9644.60333901746
14.246,116.91049073999001,9945.926371117463
14.256,126.31647743015007,9914.977757903387
14.266,-5.469465643838358,10206.545202011579
14.276,-102.051957436292,10418.930184090652
14.286,62.64656349126211,11113.3534709928
14.296,-80.21741070272942,11807.356782204575
14.306,-49.294432917705045,11904.418816946001
14.316,-96.57799699141964,12088.135464981573
14.326,-81.66887042193761,13260.744216868055
14.336,52.306140517177305,16254.654817753912
14.346,241.00512709745496,19624.540727553143
14.356,341.7948625228155,21209.64465565604
14.366,329.09193814467966,21031.831418849924
14.376,272.848745632283,20344.90214915118
14.386,218.80293114190212,19793.125644301996
14.396,88.96468904941044,18660.002358297927
14.406,82.97882140589391,18622.9479585961
14.416,35.982900780333175,18431.878857577783
14.426,-2.9602009776031,18355.952417354056
14.436,-43.00629571961632,18354.53979527995
14.446,-2.782375215992823,18229.034019502342
14.456,-128.3411207083875,18367.448802471827
14.466,-176.36830836075268,17690.384000426515
14.475999999999999,-70.01320415398499,17167.665967684654
14.486,136.70121556176446,11922.693052332304
14.496,119.8768525758525,12299.586934468081
14.506,284.459193729455,9581.318384338123
14.516,367.65035428782323,8394.178281696744
14.526,336.0686759412346,8792.757777645587
14.536,278.82192273355173,9419.792565638896
14.546,204.72627798302503,10104.145750966321
14.556000000000001,162.06826964432037,10413.231952329485
14.566,107.35805830019424,10701.499176251378
14.576,57.205295590549866,10865.475237308618
14.586,86.21733386614238,10853.582373269679
14.596,-85.27034523262243,11220.404732351004
14.606,-28.338847616840873,11346.195814744635
14.616,-92.33709414319786,11154.102096156425
14.626,-83.20053609673704,11206.037923720709
14.636,-21.935016152443197,14410.734399911355
14.646,-24.383431288927582,14258.633294479987
14.656,111.76891130804812,16848.95305312143
14.666,287.0634359780338,19513.8031643043
14.676,325.43372585881497,20030.20289224226
14.686,302.20070682974097,19752.725226111535
14.696,252.20994650589725,19233.41300974377
14.706,183.0065348933738,18625.1108617744
14.716,122.74902900752723,18197.890871221964
14.725999999999999,85.68790517668955,18005.369656029863
14.736,103.20523493711255,18054.206480180714
14.746,-60.36883182112525,17538.472055243048
14.756,-3.5844288894569676,17527.020172200817
14.766,-55.75998231924402,17604.806878199313
14.776,-103.12080311645421,17718.66462968944
14.786,-75.9516614588054,17583.291516611695
14.796,-56.80860800582529,15274.67108251446
14.806000000000001,-56.87175609119903,15396.816718081029
14.816,41.75530040101435,13503.765125350643
14.826,223.37570872386425,10890.696214881002
14.836,261.41423840723513,10405.53031229471
14.846,411.90141384040226,8749.773504065204
14.856,265.5936622202436,10191.393696871013
14.866,227.63987268756424,10504.60091110566
14.876,165.81116555150862,10914.994460722319
14.886,165.81350597416386,10914.983813507179
14.896,0.7468633245823675,11594.206583362195
14.906,39.245358600439914,11540.329975231236
14.916,-15.566566408399993,11535.351286387559
14.926,-66.87529774614785,11465.94048816381
14.936,-39.77751090061057,11569.563970557485
14.946,-153.43519342947897,11620.872869706953
14.956,-181.57188196253645,11842.934798856902
14.966,-44.48220334439518,14610.64641901445
14.975999999999999,-47.173902550899456,14562.391847703
14.986,161.6087757321297,17327.33369282864
14.996,307.1503391334014,18994.70106393675
15.006,313.49029397025333,19059.037416006824
15.016,256.56210812942004,18554.3308273543
15.026,177.92454650550889,17959.825289459044
15.036,121.67068794432664,17615.729847186813
15.046,84.22950701771322,17445.815161664417
15.056,56.16551787096762,17365.093478175455
15.066,20.632309628719582,17319.014587193768
15.076,-19.593770842106984,17324.868762979422
15.086,-64.98945615575313,17385.083462584706
15.096,-104.1773513712083,17476.036318651993
15.106,-154.14325994697856,17595.822141320405
15.116,-198.83808790338205,17603.041806355217
15.126,-210.22421957889475,17150.811262525
15.136,-121.08433550473987,15507.40599214687
15.146,103.38709550434557,12559.251031702937
15.156,277.2283316582515,10575.931823268125
15.166,295.6778975896091,10387.278271713092
15.176,261.0540029958127,10700.676154623095
15.186,236.06196000934364,10893.062414691105
15.196,177.66153335263286,11262.319870540332
15.206,125.45435798679281,11515.32389387185
15.216,82.05671744647898,11657.675785329404
15.226,32.752009803720085,11745.466652599429
15.236,-22.18802589429846,11771.049365449639
15.246,-70.79128361626933,11736.336407508104
15.256,-121.67521000348603,11659.743395883757
15.266,-175.49789596882206,11585.792564384861
15.276,-219.27599488251698,11660.469688050605
15.286,-218.1955236737432,12268.484345119534
15.296,-108.4643989149271,13965.7775612734
15.306,112.60923802104993,16525.84805716714
15.316,277.1543755794055,18179.63536161898
15.326,306.32056768390464,18439.491587657296
15.336,263.19217588725934,18103.883108872702
15.346,196.27981588693592,17662.82784699622
15.356,130.2009055587868,17310.25371843137
15.366,78.17559430980391,17102.15342079229
15.376,103.60508429795428,17156.926176272777
15.386,-52.552713573683256,16807.13216393655
15.396,8.554304790264098,16791.81162588633
15.406,-39.2232264386096,16855.557325335656
15.416,-87.50873206717617,16957.85970279717
15.426,-141.86623093250824,17071.35110953772
15.436,-187.4501791264117,17055.211600578357
15.446,-192.39072964738736,16577.96548457141
15.456,-104.2517081683742,15193.927743764494
15.466,-28.133146812296413,14254.232218513906
15.475999999999999,475.61909859295287,9306.757743496168
15.486,295.5290271333029,10943.94971075929
15.496,284.90040564877256,11028.47350097851
15.506,234.6999520243644,11369.777730326849
15.516,176.1422579750029,11696.795409524419
15.526,128.51070979667756,11900.111909570142
15.536,80.9465128033065,12039.693596541329
15.546,30.219109401803813,12124.21767479402
15.556000000000001,-12.380572459958971,12141.582995282179
15.566,13.748489590166553,12180.053754656921
15.576,-126.73908517566065,12526.639525241691
15.586,12.570597230783429,12974.672113097167
15.596,18.477290502482113,14569.453234455254
15.606,18.974021015502856,14527.994282318032
15.616,122.05735972000399,15923.165274167184
15.626,299.25664868672317,17682.392445296886
15.636,378.79574349426514,18364.618267279715
15.646,330.25142339495443,17995.912736428218
15.656,266.28530450094087,17574.64741281959
15.666,185.05223432766851,17122.457742422623
15.676,125.62681727356771,16857.96835412137
15.686,81.71810714110433,16715.078847440105
15.696,40.078727509964075,16629.302506480934
15.706,109.64560643128786,16642.709532391313
15.716,706.0418593640293,14809.587954109444
15.725999999999999,231.33404744274986,16027.624737121605
15.736,117.45645761607352,16506.82748862484
15.746,-11.030749121898683,16663.247786786684
15.756,-43.455344344096105,15686.851699894201
15.766,-18.687574324761282,14504.055471905158
15.776,436.42244844881697,6104.9301662112875
15.786,318.5634525298946,8059.47405518492
15.796,328.0787704104674,7925.102576161433
15.806000000000001,273.83481717181564,8571.018624087315
15.816,211.35229032885735,9169.778872389461
15.826,134.04785275988715,9732.71578354136
15.836,64.92008081799779,10077.315453174508
15.846,8.049488169671813,10232.189671449823
15.856,-40.47694015357662,10261.411647053916
15.866,-87.43726423288594,10209.053556508383
15.876,-129.61586107356058,10108.382066270313
15.886,-108.49750456020799,10228.778609063776
15.896,-77.71689032680726,13451.166172630965
15.906,-77.78093187300685,13179.024965535154
15.916,-64.69156041966063,13708.065289909238
15.926,481.49087125509965,23591.956771415167
15.936,300.961171258552,20558.81304614525
15.946,316.58087301186936,20788.050142392272
15.956,272.2301374457467,20222.640960739333
15.966,216.36239979975983,19623.288985307845
15.975999999999999,142.81892731741166,18981.94180159843
15.986,88.505535424261,18625.212596594953
15.996,52.68731616863542,18472.844154414932
16.006,9.493017139332366,18381.79790102569
16.016,-27.649143884108327,18380.28590030888
16.026,-66.59263877504115,18447.794034160754
16.036,-110.8728279671873,18576.95929387103
16.046,-159.75001979524615,18715.889593411284
16.056,-202.41109087583243,18660.998168456706
16.066,-205.0969505829783,17850.686888642627
16.076,-90.37378967998008,15141.439815970602
16.086,18.884280383710262,13097.411528023806
16.096,482.7458974633169,6041.380152466427
16.106,289.1719819541955,8748.323678419729
16.116,266.02769604875823,9027.420684145973
16.126,213.83466731842066,9552.596425071028
16.136,143.55642252459438,10117.971320473021
16.146,88.8401020458116,10439.790549698015
16.156,93.0916836730896,10426.62110043511
16.166,-73.58620780383873,11070.738297696449
16.176,-23.450433830196104,11079.127763089506
16.186,-77.75335928503787,10999.672895823549
16.196,-128.97799348103348,10898.86889841804
16.206,-175.7578393905381,10882.76184061648
16.216,-175.89880854819046,10882.375249151211
16.226,134.90314311438868,17424.40216879167
16.236,99.459703130275,16744.208791725196
16.246,251.49621629917075,19091.00633716228
16.256,317.4263152001134,19980.799098522897
16.266,296.26237224670405,19729.254430418514
16.276,237.21927915167498,19122.807818759884
16.286,167.08057436052667,18519.21222047407
16.296,116.15009303259386,18173.853698867606
16.306,129.81040320031389,18234.057453915004
16.316,-24.44114749216358,17608.054923246153
16.326,27.559429469994296,17657.486491848143
16.336,-13.132466176270551,17689.11503622823
16.346,-64.66527463668102,17793.6245916384
16.356,-116.40933593127217,17931.51347770619
16.366,-166.32969121463674,18023.38113514895
16.376,-200.32595520357143,17799.531314920474
16.386,-207.2170706658798,17674.138475542622
16.396,338.2969169697069,8915.8837203686
16.406,244.12823378283275,10309.07395359916
16.416,265.9626680966595,10023.653835410685
16.426,372.43417214284534,8833.965649348205
16.436,252.8436821448434,10005.487158145348
16.446,204.0236082610311,10397.843338383414
16.456,144.9070621662219,10765.524324199057
16.466,82.78238452589146,11039.472842125995
16.476,22.201727790549626,11202.46191821773
16.486,42.87576482104723,11199.957584355547
16.496,-115.71162404214265,11622.17857394168
16.506,-65.34472272123078,11702.951564011884
16.516,-53.08105251021964,11752.84405238271
16.526,-63.367008159140426,13673.189284120052
16.536,-58.94376282846394,13549.205997370793
16.546,5.291910017596882,14979.33873203624
16.556,163.51851490240898,17296.294291969105
16.566,297.5698552643602,18962.04696499265
16.576,323.75763833188205,19249.77848605622
16.586,279.214597145959,18819.575636148726
16.596,208.57610537756753,18233.666297016174
16.606,141.83711401562937,17776.37918530108
16.616,90.95589558070964,17506.479060155893
16.626,54.97672022079568,17374.93638369321
16.636,21.187881673254875,17306.762080664314
16.646,-19.646403426044305,17284.573055515953
16.656,-56.35254252924051,17314.627207091096
16.666,-98.96358528752225,17391.87068918154
16.676,-146.94997917411226,17492.11887082001
16.686,-193.0310168018335,17511.639357519256
16.696,-212.04921008114025,17145.535223334777
16.706,-143.28762418943407,15742.936199092694
16.716,55.94812396425009,13078.3233262911
16.726,237.02395063809166,11008.239010090914
16.736,294.71263361559727,10422.194382442669
16.746,296.33933011373995,10407.726982097285
16.756,245.9855824256951,10789.154424868337
16.766,180.41928076410807,11193.721536898363
16.776,118.49752461417289,11483.854291193162
16.786,112.13181633118526,11501.647461341847
16.796,-55.454820681156185,12017.13039187513
16.806,72.64918921169796,12071.362120608332
16.816,-85.86364761984865,12437.79198286034
16.826,-44.796431431984026,12495.162698147691
16.836,-103.97361051404205,12443.057941210393
16.846,-24.660005537509385,12820.495066871445
16.856,745.1150532216266,19736.502487590387
16.866,319.0466631425001,17164.44790726534
16.876,261.17976252875735,16673.630232972013
16.886,729.4325554571104,26463.807443501435
16.896,673.5667086806118,25510.071008756906
16.906,520.4994590073376,23226.16221758269
16.916,378.3952191920457,21385.726658578442
16.926,248.36647245061172,19953.344666697965
16.936,196.1603019961615,19504.490401148192
16.946,209.34328603102628,19577.419516386493
16.956,69.11849711122666,19036.372982213772
16.966,-47.55868387580746,18672.789973515555
16.976,11.527519621394696,18595.893063204443
16.986,-54.03185293998728,18784.65528850021
16.996,-107.19938510950024,18996.972357547103
17.006,-161.5740706839845,19177.781326327902
17.016,-200.31684345399935,19075.55245192906
17.026,-192.05787020429923,17946.030159149017
17.036,-56.06286838189649,14481.330423751555
17.046,177.69858166596399,9794.026153082401
17.056,283.175746115119,7923.947877334588
17.066,285.1422422559235,7892.885913016642
17.076,251.49832068364137,8356.21747111401
17.086,207.57610160899114,8863.403056578634
17.096,152.63107245964528,9369.081767134376
17.106,155.5748219293457,9350.90329341137
17.116,-7.367268236654869,10264.383214863536
17.126,36.55231926447363,10196.036135501481
17.136,-23.865900378062683,10165.210221930596
17.146,-83.33752548845189,10041.78329574154
17.156,-139.7612229850774,9882.565151077772
17.166,-192.23444512184307,9807.483519420346
17.176,-223.9224699276939,10167.37978030039
17.186,-185.78140544219485,11808.502381840983
17.196,-29.42357902117309,15241.242255530877
17.206,183.65136069120499,19083.89708796947
17.216,301.3724352949252,20956.310388886846
17.226,305.51663246904803,21014.587025215067
17.236,266.0453293192722,20537.502175499387
17.246,178.53799062212713,19652.579352014745
17.256,95.980883544138,18984.747113867816
17.266,88.62159690335365,18945.543157249773
17.276,-65.06829388405666,18125.02294771487
17.286,-15.952670354608959,18195.656810486835
17.296,-55.98930829972248,18214.802456541678
17.306,-95.19845413477901,18294.27703051403
17.316,-142.64526818338229,18417.781722068303
17.326,-129.99696878480293,18350.515085766074
17.336,-40.338313172406096,14695.528538039043
17.346,-46.886958578756094,14947.248464067818
17.356,-3.2384561729632133,13977.128880680371
17.366,400.74217424374115,7668.004307098576
17.376,393.320380294019,7770.896936622399
17.386,244.5131551987818,9641.813324434905
17.396,232.96896062870678,9764.781718531089
17.406,180.39689507665807,10226.261485426661
17.416,176.81109747872992,10249.38018614413
17.426,28.18971921693062,11075.126988021533
17.436,66.38979242165517,10978.541827791269
17.446,14.574773152197398,11010.926056033673
17.456,-34.279539102858415,10956.045258998074
17.466,-86.54537469619163,10826.798280546987
17.476,-145.46129135100568,10657.964087836399
17.486,-198.67933851101202,10603.161835530673
17.496,-222.85257393280395,11027.256036716044
17.506,-160.62301082722746,12735.400212623434
17.516,-87.72237542468032,14126.101849592544
17.526,501.3367761756666,22535.281612855037
17.536,265.78415686356715,19364.989639911648
17.546,343.474999464104,20261.370335363412
17.556,226.7155310870978,19080.405698349943
17.566,150.45869580056032,18431.94624845379
17.576,107.28432625711771,18144.258437779576
17.586,68.77653355852712,17960.681115953048
17.596,28.766869628973495,17844.064731587525
17.606,-14.764154063986227,17791.35475723232
17.616,-57.7954174034464,17804.051181010258
17.626,-17.00138928809059,17681.242137016496
17.636,-130.09606446020092,16972.636112844542
17.646,-97.50588793035233,16936.089240631616
17.656,-129.30056138075997,16677.158848053077
17.666,-86.88494615998775,15417.870150579178
17.676,-19.4123921660172,14234.54022704912
17.686,504.172925860516,7586.925223416622
17.696,290.4794682790258,10116.984240230053
17.706,271.6149178616306,10312.946130039103
17.716,261.27051213294504,10404.14886135747
17.726,204.7608517879844,10815.18993145671
17.736,152.3956747924055,11109.077487529652
17.746,92.31994084061536,11347.653795350308
17.756,43.201569556961175,11459.881802321292
17.766,-4.851747428705253,11493.126904119945
17.776,-52.045264401998985,11458.838872575034
17.786,-102.16043966165829,11369.598778007587
17.796,-156.30651304323527,11258.626684443323
17.806,-202.18694422368122,11212.014173266252
17.816,-228.99649159518395,11499.24409036746
17.826,-233.24066336336162,11635.778632379388
17.836,172.97599787216558,17416.513838799743
17.846,393.5503653468655,20087.48813892284
17.856,254.26877181123913,18528.46281653314
17.866,274.89362643200855,18729.853484239928
17.876,220.23013683709144,18269.151127993497
17.886,135.58784962899873,17663.480540917197
17.896,89.44223079235954,17400.9924981668
17.906,58.43081085889495,17273.29047987558
17.916,28.641489766340456,17197.24233978396
17.926,1.1193075391576035,17169.44107213066
17.936,-32.49062585580625,17182.291378325375
17.946,-83.36711266440084,17249.26219859774
17.956,-130.9441613579626,17337.28440514644
17.966,-180.0677161160167,17391.76914652316
17.976,-212.4540900791609,17249.37018579333
17.986,-195.15502950136835,16531.877229455862
17.996,-155.87709920824568,15846.968145540077
18.006,478.332469129509,8904.940400911377
18.016,256.40731821461804,11206.190282289128
18.026,371.11880585094576,10189.091780160315
18.036,244.60790910337673,11185.46078956163
18.046,209.39854727067333,11416.094368017999
18.056,160.549940229332,11669.770373529267
18.066,114.1051849317125,11845.061534063869
18.076,66.32158782403575,11957.740818098697
18.086,21.885885376399784,12000.30851767375
18.096,-25.897724431556195,11985.716159928043
18.106,-79.64515548364504,11916.613275038098
18.116,-138.6654122553512,11816.73480360132
18.126,-192.56265469190242,11766.527100785648
18.136,-192.83158525894555,11765.814450113308
18.146,92.53088021417312,15984.63062940636
18.156,71.49862264056006,15700.99729092345
18.166,234.0509316144868,17428.706474685612
18.176,294.91647609857444,17997.2659085222
18.186,401.6643990872699,18856.99085389719
18.196,242.44842057904054,17714.796147669324
18.206,175.4818853346219,17311.274845108313
18.216,117.71786718238056,17033.212579642415
18.226,69.22818253887516,16860.524275140495
18.236,33.22344078638844,16779.157160080333
18.246,-2.5611216458796005,16742.79173475982
18.256,431.1629322763232,15722.809143958462
18.266,394.2391699451466,15891.760918066395
18.276,123.33821390695334,17314.08586698637
18.286,-44.14708665422455,17915.097690523653
18.296,-112.66475825173167,17456.6477259551
18.306,-70.4590636994687,15316.824835683166
18.316,104.86398568195955,11386.156777571088
18.326,281.692312957743,8198.633384229539
18.336,335.7883825408455,7358.1534649916775
18.346,304.715724302645,7771.451327658013
18.356,265.41598432818967,8196.865240005289
18.366,117.21304006186867,9540.883469099039
18.376,167.75975437281267,9265.949371748131
18.386,-16.744966818900213,10247.89946260671
18.396,20.667820377886194,10205.473058460473
18.406,-38.48740007570999,10154.300984924397
18.416,-93.27533964477962,10025.371256479157
18.426,-147.20894674781766,9879.40946460342
18.436,-133.4252051809895,9966.177654943493
18.446,-10.581434700135448,14968.120520654964
18.456,-19.06514289759646,14638.278761995236
18.466,128.43180581002153,17894.318704273384
18.476,278.84499769728825,20657.25837022602
18.486,363.4833428140859,22015.915385121014
18.496,311.6639814426128,21285.150321215966
18.506,222.79324218933687,20209.019073444564
18.516,150.2591011009489,19490.40958463619
18.526,72.28314186281834,18885.30872911109
18.536,18.049621687787386,18588.024250042574
18.546,-22.972406363485316,18457.472369061703
18.556,-55.18793853691504,18427.213972730766
18.566,-4.134664454350585,18294.728675120306
18.576,-124.7123400765333,18465.236768729468
18.586,-186.46367383126383,18081.97292258064
18.596,-143.12932977921278,17962.366564273576
18.606,-173.37973659102218,17670.183775321046
18.616,-127.17995948637129,16082.410109902818
18.626,51.865079648354126,12594.031071570927
18.636,158.22088532469587,10804.955091561924
18.646,440.432726288351,6736.3267035826975
18.656,251.0874598627779,9238.928947990618
18.666,243.14369963889237,9328.08063453108
18.676,187.63710844347312,9842.356616024324
18.686,138.8450149723306,10191.119661390003
18.696,91.7167453174392,10424.777878201014
18.706,47.25153794392116,10547.106129228987
18.716,0.4733187895258051,10578.614948901783
18.726,-49.28942310951959,10522.125939458329
18.736,-20.754381659469225,10644.060357686294
18.746,-129.21499758694088,11626.257439515262
18.756,-104.56776846422258,11654.498148074768
18.766,-130.10148542176162,12145.879535657425
18.776,-64.7842486483536,14002.880683565589
18.786,10.275763035982074,15491.300022419378
18.796,448.41307984759345,22153.94661936274
18.806,413.32866249984744,21676.178040464296
18.816,248.33335068891955,19633.683855999316
18.826,208.70130768215395,19214.06607811072
18.836,158.0828715303129,18771.02868445904
18.846,115.29759130374052,18479.97798115005
18.856,84.06487592193506,18332.73646993173
18.866,45.37074080599473,18228.437874807656
18.876,8.632218653635778,18202.064453650422
18.886,-37.873418403517206,18246.52908970739
18.896,-87.36822811761817,18357.120461631763
18.906,-141.901027474186,18500.781905336942
18.916,-192.8370077387716,18546.529626014213
18.926,-218.30620633057197,18129.840406968087
18.936,-150.87806461979926,16260.960281224165
18.946,58.5863773340558,12633.76436632592
18.956,162.83359527209456,11060.326614428484
18.966,442.06342325830013,7463.100802363765
18.976,262.9543255604423,9569.625487418807
18.986,230.5186233975206,9895.467153026737
18.996,183.41153765558153,10284.430409013008
19.006,131.06970637203122,10619.687863376119
19.016,81.74075882444819,10841.689271807165
19.026,34.953430495384985,10963.449661633238
19.036,-13.422821151623719,11003.594110917898
19.046,-63.031317754442284,10968.001053778406
19.056,-116.33301882595836,10870.89726823032
19.066,-171.49439005302037,10755.366469869079
19.076,-221.12991650062497,10746.162188690987
19.086,-241.88293637318887,11189.417161791895
19.096,-174.1952538316682,12818.30483637388
19.106,-95.90726163736477,14153.421552484537
19.116,473.98178565066456,21478.23606320271
19.126,285.3958325884331,19230.851962847657
19.136,271.31993537845784,19084.151178699572
19.146,208.31302778304698,18518.77718636126
19.156,166.04010818223603,18208.56006116122
19.166,48.74463523866397,17474.374859517975
19.176,77.22797494171644,17589.721730255056
19.186,41.7023906622172,17506.31621714822
19.196,4.478252517021626,17479.31669200015
19.206,-35.78006462435982,17508.7415881965
19.216,-82.53575076432563,17594.688722993982
19.226,-134.25948760054604,17713.975788862317
19.236,-118.59241441903633,17643.40207437553
19.246,-32.458447724807385,14723.57178134492
19.256,-36.59209543582592,14856.51071460376
19.266,113.06537424930055,12575.693399138032
19.276,296.64640934578694,10292.092832197806
19.286,285.2413859060563,10419.506868428962
19.296,382.19071572863106,9487.23202769671
19.306,274.96411488135044,10386.315895116737
19.316,213.6586758585654,10809.064366200497
19.326,144.87864403756953,11177.41308348491
19.336,26.81548981900807,11690.756741030213
19.346,595.8039051173029,11751.2991079834
19.356,292.96240707913597,11172.373655655632
19.366,67.69188909147044,10642.776929651456
19.376,-56.83556204475566,10485.055289425976
19.386,-95.73998458132887,10378.814009679112
19.396,33.96116660360459,15909.462898801106
19.406,43.667948658530776,16219.792095160705
19.416,254.95047182818115,20629.123175959132
19.426,333.2165280877127,21999.39080527775
19.436,266.0083358307649,20974.638104208665
19.446,200.21259733560666,20121.985344388475
19.456,153.33507633591512,19630.938331072837
19.466,120.46391331289904,19375.0746339873
19.476,68.33741491332393,19100.806396687527
19.486,20.07181083476098,18965.958195797644
19.496,-23.488577066585787,18946.089611666743
19.506,-57.59951288086625,19007.34319886419
19.516,-107.25077100602422,19164.28472208336
19.526,-151.3892548443966,19330.002064132554
19.536,-194.5691669328155,19404.692118628085
19.546,-216.25037695561997,18879.690002833915
19.556,-155.56109646184098,16769.8841844671
19.566,41.993628781966805,12409.476498074824
19.576,244.5908280227586,8602.750713430285
19.586,301.4699767918131,7651.05714951463
19.596,268.68818301521634,8136.690865329503
19.606,225.36733580089998,8687.021434161059
19.616,170.66331460387707,9259.236200452006
19.626,175.28878253509896,9224.31915486578
19.636,19.091192282778042,10253.556894688702
19.646,57.334705655066756,10145.593612078887
19.656,73.04910708778115,10154.808951353072
19.666,-97.24477658260747,10664.536468927085
19.676,-50.59967905968573,10794.077915088581
19.686,-114.81105302023578,10611.22879974956
19.696,-166.17987302505546,10668.049045278996
19.706,-172.99907116404123,11533.33907802532
19.716,-68.61249039629422,14236.483234609932
19.726,26.959660477989324,16167.760598938472
19.736,494.9864439791731,23745.703346297727
19.746,297.55028876219956,20800.95671339576
19.756,302.99656654547175,20870.48153185397
19.766,225.23943618937594,20036.32721399482
19.776,135.35538664452457,19255.863681429895
19.786,68.74989676398783,18823.30917279662
19.796,74.10324886090338,18842.07883985838
19.806,-84.29287848120586,18175.119911617963
19.816,-21.7696152076184,18158.961330126513
19.826,-68.89538325092865,18249.48046252416
19.836,-116.01161389208175,18389.01596360984
19.846,-157.79871050750327,18520.164906230617
19.856,-199.74881225406943,18444.72678275998
19.866,-205.81463720812417,18434.017972715123
19.876,265.1131990223542,9113.342131102547
19.886,185.40418660263603,10573.71988077364
19.896,292.3794224733015,8890.287030961545
19.906,297.6269294442547,8817.15126324269
19.916,271.3145898500176,9136.880147604033
19.926,222.41412200251855,9639.306383027484
19.936,165.60445175194127,10110.326408328194
19.946,113.67284067478182,10431.956975120806
19.956,64.5264952554246,10631.808885866782
19.966,20.851241988998694,10716.353820356377
19.976,-29.978736889025775,10720.702273384957
19.986,-78.98749261075895,10647.793778129704
19.996,-132.2152570121632,10520.70158816165
20.006,-185.89668581097837,10424.03439595631
20.016,-225.0804907705071,10597.73103242416
20.026,-208.9074687492576,11680.285907026424
20.036,-58.811079980171144,14645.021157422138
20.046,64.77986631659233,16665.164199780844
20.056,480.77077499417845,22320.487796725378
20.066,286.1887638654902,19896.224748712913
20.076,240.80783412736497,19407.592816989894
20.086,169.16142775932903,18756.87862468098
20.096,121.7464221445586,18415.717932786632
20.106,79.3368900614934,18193.797139975788
20.116,39.26785299799749,18063.033508550667
20.126,0.5108700560401047,18010.484638040518
20.136,38.53027093847433,17954.765864335113
20.146,-117.07105919625798,17586.22616471871
20.156,-66.89226063168681,17455.821290775973
20.166,-121.70738074437013,17569.968632805594
20.176,-160.65936134161115,17418.612306302606
20.186,-168.57367410426374,17373.533450939693
20.196,175.16160374743208,11321.113974656259
20.206,395.7534460894598,8128.4381137439
20.216,245.0894661998217,10153.88439217923
20.226,274.36205848699353,9810.74778191814
20.236,249.7370811283386,10059.544860296106
20.246,200.08497536580447,10479.09263816289
20.256,153.03875736694928,10792.953627118444
20.266,103.19356010124137,11034.52173912834
20.276,57.24424267061903,11171.893642618545
20.286,9.3638134453819,11230.401146168131
20.296,32.46949790756009,11261.4630725821
20.306,-122.29100872446172,11672.866906701192
20.316,-78.48002239558392,11768.906333338504
20.326,-136.96773270087914,11706.136887747356
20.336,-169.22333368401823,11984.587935196158
20.346,-138.1511765163572,13040.060820659304
20.356,9.696291960659886,15423.644453664478
20.366,230.56620909365594,18317.360556043
20.376,321.1699363198248,19367.101046553915
20.386,298.5581891840076,19134.34428641394
20.396,243.42024276869526,18641.71375360446
20.406,170.81464779906574,18095.49191987971
20.416,105.58802632575559,17701.175999565876
20.426,63.14429157542026,17513.41743818553
20.436,19.103436094040088,17387.384099551426
20.446,-10.44289787170391,17350.85764392412
20.456,33.21979162981862,17302.046892231374
20.466,-117.39174709184907,17019.218425029976
20.476,-69.85828147238291,16922.430780157327
20.486,-128.87948948777714,16979.78297676331
20.496,-161.44064614418565,16789.884931637534
20.506,-130.36422111995424,15831.389634144567
20.516,23.582202988321114,13644.074817516495
20.526,122.71888545268419,12452.335135406314
20.536,406.6163632433325,9561.53207557869
20.546,334.6351538590748,10215.384394104021
20.556,231.45041269036162,11039.061517009268
20.566,191.0194837958038,11305.576053208597
20.576,137.0608960933228,11585.127393052615
20.586,92.0032265261012,11751.511426831945
20.596,49.92907939363627,11843.804612504377
20.606,8.79139057608268,11874.034428611889
20.616,-32.732219098997405,11848.095402190935
20.626,-84.94883634849683,11762.837930007885
20.636,-145.30516406662608,11646.39975123351
20.646,-197.89334888729198,11596.739313397255
20.656,-227.73448081729083,11828.78989701024
20.666,-233.2001361727662,11961.637235540564
20.676,353.1888249934193,18967.07896919545
20.686,245.12735156348776,17766.358479950737
20.696,312.0586607599141,18417.104957998505
20.706,282.52908907618666,18163.01537894879
20.716,251.14087884428014,17930.7201315251
20.726,168.2936973386195,17411.101654195598
20.736,112.48821896318907,17131.367198031236
20.746,64.24635092639352,16952.232714347043
20.756,21.160509043551926,16847.99341118222
20.766,-23.46878684591571,16792.765672125028
20.776,557.2518932078199,15255.994068348748
20.786,333.4844190685482,16252.05918784712
20.796,80.07295331558133,17434.94169717367
20.806,-59.88045623140786,17753.91268580083
20.816,-108.67435785309299,17773.39345541824
20.826,184.67681260193723,10163.310064694611
20.836,189.54361187469718,10057.86792475421
20.846,312.5960105530354,7903.373692179335
20.856,323.1377641242098,7744.843733046087
20.866,284.2854335018197,8241.210215187932
20.876,231.62886712649137,8789.038162600486
20.886,165.91292535746126,9312.187037288215
20.896,91.69315136138793,9727.282579469527
20.906,28.92604322873062,9930.614298771308
20.916,-24.838463092630153,9984.267521951082
20.926,-73.58792562488833,9936.454064401436
20.936,-122.75746987125446,9819.744931576597
20.946,-173.2925189774861,9693.411619367258
20.956,-217.0314871198936,9731.172591992994
20.966,-229.85123022850536,10421.767976031353
20.976,-151.7975109367711,12735.326787606824
20.986,47.45037165257073,16803.41827072365
20.996,228.08429604730836,19971.335686538383
21.006,304.2767531935575,21154.45827944444
21.016,290.98013398979884,20973.77286171891
21.026,215.81659975307878,20099.807818332945
21.036,155.81284372937571,19534.687281249433
21.046,86.21740860646825,19031.418832940046
21.056,87.36449820731802,19036.339954272706
21.066,-71.97115932768757,18284.67965815536
21.076,68.30138335277958,18180.817866562524
21.086,-63.85873553983688,18233.70298028915
21.096,-102.8016825221103,18301.296429945745
21.106,-163.8593902075668,17821.264909754555
21.116,-132.4075659333076,17769.18353300533
21.126,-151.1374535999353,17198.3124488138
21.136,-65.94441787591481,14968.735894781856
21.146,24.974051526513676,13198.526231964077
21.156,517.3021499828814,5603.795981613769
21.166,302.3093835975737,8672.677004857665
21.176,288.59165480619396,8842.233528665269
21.186,239.22112468021692,9355.640875755866
21.196,222.31446785636626,9491.434232940172
21.206,64.25384401812872,10568.115770407485
21.216,68.96922962820287,10549.391130108961
21.226,6.352466637593919,10676.585286721307
21.236,-44.58395089114235,10686.210695165324
21.246,-96.18479187575836,10624.144460759444
21.256,-70.8820409641616,10733.0813519699
21.266,-126.33592808383634,12344.85558083895
21.276,-111.88646628457707,12257.39949551529
21.286,-120.65493299845657,12340.660566096054
21.296,347.6751889421412,20651.459181002163
21.306,249.94083421025053,19049.148375073306
21.316,271.8252313945885,19363.658249879623
21.326,406.2896211951277,21010.68455433474
21.336,247.4478244043314,19273.480550555218
21.346,208.95526292887405,18923.511223403806
21.356,138.3780886153212,18405.21204909737
21.366,42.29133683164234,17831.581903801645
21.376,78.98338801023365,17953.824676619028
21.386,95.60792567089487,17967.623577771992
21.396,-73.23322377512336,17608.1791122723
21.406,85.58084925549043,17135.85574177907
21.416,-61.73647850812455,16701.18518249353
21.426,-23.953545649172405,16594.01999369512
21.436,-76.89111397691563,16585.872220693156
21.446,-82.3826651811681,15877.418700979213
21.456,23.212832863538644,13719.462648004053
21.466,219.3183886620846,10726.405284167673
21.476,279.9690567139959,9907.3980385966
21.486,436.64430875579035,8078.815730370022
21.496,287.45601814788176,9632.427807096567
21.506,228.32834854226425,10150.149569069104
21.516,168.68544410612347,10566.128559342398
21.526,106.62180115137106,10885.824539876017
21.536,39.49838182582198,11116.854152677068
21.546,-14.656807384405857,11212.384237487231
21.556,-63.35400551568566,11224.718144150545
21.566,-110.77970001358631,11181.275449768873
21.576,-158.34337469700267,11112.738933974757
21.586,-203.22770570121745,11091.65535454307
21.596,-232.39224402528606,11321.409769394233
21.606,-205.69627787872935,12303.245187380386
21.616,-64.25243360955369,14595.711871522672
21.626,141.35102677682588,17293.395683116483
21.636,255.92032523703887,18619.37983700133
21.646,270.7068663523429,18771.322418514494
21.656,227.0535070984904,18379.339430182383
21.666,165.81189888194024,17912.61878103808
21.676,147.82497990596016,17805.33085351739
21.686,18.23996261218765,17142.520758001217
21.696,53.862334766183004,17247.13831601943
21.706,15.155513554590897,17192.57759197703
21.716,-22.728631661364336,17193.29031297827
21.726,-63.95893903995634,17243.578700397888
21.736,-13.608643586762284,17063.94601730367
21.746,-112.66279708462969,16340.05707532678
21.756,-80.55088937443267,16309.494236543922
21.766,-99.64088112492759,15926.95064807594
21.776,-94.96100098286564,15638.522254899666
21.786,499.1937138890946,8326.866936450604
21.796,324.8201944573028,10325.880702805545
21.806,366.6441527127284,9907.535548677404
21.816,328.01074659523204,10243.429104584953
21.826,244.56781569943914,10859.939048051583
21.836,173.21824697793008,11285.095782091468
21.846,115.7649532278443,11538.33755190466
21.856,42.741148677435724,11758.61742475629
21.866,-17.420272580470236,11860.485411693448
21.876,-66.33444359369248,11883.898517574215
21.886,-111.15989252735986,11862.782104517486
21.896,-153.9216263082032,11822.644244045956
21.906,-194.5992160513527,11812.857307715341
21.916,-222.6448920510845,11973.10130252587
21.926,-204.4128498999805,12650.615456318277
21.936,-82.64039527153938,14318.400410505323
21.946,115.8090180430046,16477.981861854925
21.956,244.72946381191394,17710.47339138075
21.966,270.84840064215166,17932.341063295302
21.976,232.74353410515408,17648.80818604832
21.986,171.17533690154158,17258.122640977763
21.996,116.55504798527761,16975.553526384145
22.006,74.63942099338274,16811.110782673783
22.016,39.09027554688598,16717.020899938885
22.026,19.800920533690842,16692.39682043264
22.036,-19.677785951842402,16687.045807908387
22.046,-53.86324542990852,16718.808685222237
22.056,-6.592326499515684,16586.038970275196
22.066,-112.99109150071388,16092.290143346565
22.076,-76.71782747624798,16046.965032970224
22.086,-103.56959607395906,15818.337917621613
22.096,1057.5693374257003,4504.48989790377
22.106,695.4605855441448,7454.187440845696
22.116,302.11562635631054,10326.390122923192
22.126,111.62568811539333,11592.673566409281
22.136,11.5034875233275,12194.900453607754
22.146,-46.75018982393233,12506.388605456157
22.156,-89.18545172367642,12722.439711572932
22.166,-122.11481483116211,12916.139727988408
22.176,-144.8508476998075,13187.305793942354
22.186,-138.53089025343075,13650.791771668879
22.196,-68.75238608930167,14474.132921062885
22.206,46.58916902638826,15381.919059949994
22.216,149.25531891518045,16027.379145472376
22.226,172.88587776191622,16152.691672617311
22.236,158.66988163254857,16089.34731806902
22.246,132.59925639111594,15994.617306806305
22.256,116.7659179639164,15950.962298542592
22.266,78.14805348923747,15875.881380135364
22.276,32.527499771504566,15821.69657865135
22.286,-19.30194011227632,15792.930817831444
22.296,-62.15377363296222,15792.910857619201
22.306,-105.67437668943955,15806.779083780431
22.316,-141.02990049426268,15820.777063330412
22.326,-175.00139476388412,15801.335674446986
22.336,-191.29395441167614,15710.553686816107
22.346,-110.9425368359794,14984.859081708499
22.356,76.5754003158169,13853.72250723894
22.366,248.13340753708326,12969.732673669983
22.376,285.53892692635196,12797.60368511923
22.386,361.4904830732825,12496.451261144843
22.396,242.43879376134842,12910.551416877908
22.406,228.51393581820415,12949.156591725117
22.416,175.04530624734292,13060.440783999577
22.426,107.79905740828691,13155.84202392895
22.436,55.33107867009008,13194.362412976488
22.446,1.907137879407621,13200.16704351243
22.456,-56.809960675131165,13178.883186490928
22.466,-45.987168242138075,13192.728903280335
22.476,-121.96740969781798,13594.568119904225
22.486,-106.43302605371956,13581.789514983235
22.496,-107.19485349849192,13844.782912950679
22.506,-74.17737716121867,14152.950091634671
22.516,509.3665441983956,17088.092763056924
22.526,325.91103795934856,16232.506824095552
22.536,318.2954430820603,16201.39365886577
22.546,229.83472199024274,15883.214104004606
22.556,160.2763322141766,15668.693980160637
22.566,134.41103392337362,15604.629867038662
22.576,84.77461770862695,15509.05109769532
22.586,81.0651535218456,15504.455286066806
22.596,50.05493429367792,15484.936708162142
22.606,10.357872082589141,15482.186310338722
22.616,-54.39613520544347,15499.916883660546
22.626,-110.62921467675065,15525.751266067244
22.636,-163.1514224983529,15533.39565501022
22.646,-188.9498581861022,15528.463307834993
22.656,-201.59737819170118,15378.870822964633
22.666,-132.77752301074298,14893.07505652193
22.676,-46.29057043984449,14446.37180449316
22.686,536.8546445442192,12132.566217193607
22.696,351.3702874300414,12812.706412244663
22.706,348.7678515470009,12820.991455624213
22.716,287.15890455411255,12986.76034960443
22.726,179.43347998795707,13226.520035402402
22.736,89.44594887335523,13384.914496550637
22.746,28.714256321982916,13461.941079187774
22.756,-18.462982725580744,13498.778923411684
22.766,-58.99265180842574,13512.060879377892
22.776,-36.181375818692786,13521.116436787033
22.786,-137.7956925375307,13782.831401345307
22.796,-110.07125459598946,13773.485856619825
22.806,-134.5513503192356,13859.660138633231
22.816,-94.75055058384994,14160.64527727944
22.826,37.13250508668774,14693.970156520296
22.836,173.24318978420936,15145.454251596335
22.846,1289.4979582190185,17936.836848492854
22.856,599.2894426960617,16921.116689944596
22.866,215.43139615208443,16458.1682643574
22.876,35.37481807449903,16085.789076152134
22.886,-43.768226044381095,15657.378967365448
22.896,-58.4328054968697,14987.336352319913
22.906,-5.731366885598663,13998.45657537862
22.916,97.98417692547928,12881.49730386657
22.926,196.97642878698704,12059.930384245783
22.936,261.36250275158596,11626.765829705797
22.946,236.22877869437173,11764.547361459168
22.956,178.13591475246554,12013.501005618207
22.966,121.74209994516016,12185.303245144703
22.976,55.5499298723191,12310.421727979769
22.986,-4.9639330449629115,12360.368147831174
22.996,-49.76811479892138,12350.241176773674
23.006,-100.73829895067554,12302.945378348766
23.016,-150.16301768346338,12248.306959752565
23.026,-191.29896204235226,12234.67760650171
23.036,-215.38913444522578,12454.837344682297
23.046,-170.0421724481024,13292.773621142147
23.056,-0.268868304851857,15085.38005807596
23.066,210.57884568470564,16940.39441832563
23.076,288.05198322982056,17544.6257661278
23.086,264.268909206642,17380.299311731364
23.096,218.0381309299465,17104.8668924256
23.106,127.05800091851873,16643.035807180404
23.116,107.48860749096747,16566.449843843315
23.126,64.33030214297676,16444.52675917415
23.136,25.617918172742986,16377.241668375167
23.146,-7.326642590959023,16355.217682438271
23.156,-42.79687455015233,16365.303027290509
23.166,-85.57084558028306,16407.12108673429
23.176,-130.24656091670641,16464.443616599063
23.186,-174.2109184635479,16492.041104875636
23.196,-201.70624670986106,16344.78644361177
23.206,-166.0825701933593,15671.117706315437
23.216,-8.527632115359376,14143.085863053804
23.226,158.05682051413038,12794.045424592088
23.236,313.9052804228641,11689.838895150015
23.246,336.4433821783009,11549.254454794207
23.256,291.93145208003136,11787.300462051713
23.266,203.63307590235812,12179.542792638573
23.276,181.87654111861605,12250.425881677771
23.286,14.65467253503606,12735.918736455986
23.296,34.82425751563945,12707.781679693595
23.306,39.56142948262145,12707.653334205384
23.316,-111.5107642392306,12993.096150148154
23.326,-70.3371288951584,13017.814030098501
23.336,-123.39907958106352,13003.869711165242
23.346,-159.36525403857502,13102.538449729454
23.356,-150.93679212363463,13510.702917490244
23.366,-44.70761538341999,14542.243800699967
23.376,49.05060468134722,15269.578145178442
23.386,461.7221875784196,17868.733301209802
23.396,263.87294684557753,16724.134134128828
23.406,220.5959579714773,16506.970663686323
23.416,143.59284065329413,16176.023666404319
23.426,89.96809542607299,15986.96678169483
23.436,76.97942395884468,15953.086656706091
23.446,52.1429195497943,15910.197414988781
23.456,20.889339877116427,15882.43790067954
23.466,-20.922825040526153,15875.426477113864
23.476,-65.52649615533295,15893.502348165159
23.486,-109.15312442989305,15927.058214189607
23.496,-152.6498517746983,15956.265966673944
23.506,-142.35093039141262,15938.7313590794
23.516,45.233176715323125,14059.210878018264
23.526,21.250044215508556,14291.72871845138
23.536,151.82717484626744,13418.415000904623
23.546,310.69970184552244,12523.722052978608
23.556,365.8532427928969,12250.227764228986
23.566,390.4762029164552,12145.347428195275
23.576,245.0039559761445,12681.290817098949
23.586,168.18106868980811,12909.558324926078
23.596,100.57770112796375,13060.3145309028
23.606,37.34304742074927,13156.0544156336
23.616,-26.555377304961233,13214.340009536261
23.626,-3.259067872715052,13217.888853742881
23.636,-133.6646623399497,13461.43210303496
23.646,-95.32338517466808,13469.630177856145
23.656,-135.572772481358,13482.007028086136
23.666,-140.1000363486584,13480.570541690731
23.676,145.507746431892,15432.931608798155
23.686,107.2382288974191,15196.83734267842
23.696,167.17898424768134,15503.420840856632
23.706,436.6798497199239,16642.627061022333
23.716,243.48941028559827,15899.299660963938
23.726,172.93075069713265,15663.795435240174
23.736,82.22637714721662,15400.502118303433
23.746,49.38372948346432,15322.413668202917
23.756,57.424257621513966,15336.572986320141
23.766,95.50491435244078,15377.039579834392
23.776,109.98309209207186,15382.907453571355
23.786,72.17273992494843,15387.377942135578
23.796,89.54348076760087,15372.71958242272
23.806,-55.9762680623158,15419.33293203128
23.816,-112.6859491286013,15271.161460742514
23.826,-81.26310494216666,15260.314549195087
23.836,-104.02454034243843,15123.494632287933
23.846,-93.2253898989926,14944.566332901513
23.856,560.0567037596702,12065.096546274606
23.866,414.82624820767785,12653.81068510939
23.876,478.6948694349711,12431.083961361106
23.886,359.37747873659595,12790.97784010072
23.896,245.77435343078835,13075.492498512293
23.906,143.4644775174577,13276.970413344055
23.916,85.21674752866824,13354.12387541837
23.926,-19.798623205419727,13445.093293781923
23.936,-92.36314517327597,13473.293811051102
23.946,-191.65092074555005,13522.869544929748
23.956,-249.493204290618,13583.661119551862
23.966,-277.90383231948175,13694.468948434165
23.976,-269.2991989105934,13896.024236142295
23.986,-214.56794268799692,14207.79190537977
23.996,-205.91476935861684,14246.389787799086
24.006,157.2328660195187,15426.72337901446
24.016,-54.303306221095,14769.063260886229
24.026,-21.239227508700086,14856.722026312355
24.036,-109.27714076103588,14644.681239556696
24.046,-138.60413841576548,14582.087318914791
24.056,-40.094443436584086,14748.52863303764
24.066,56.656222627366375,14873.307836970976
24.076,165.22879847866304,14968.788653150523
